Workbook

Sheet Глубина-день
A1: Сетевой график "Глубина-день"
B2: Определение | D2: Конструкция скважины | K2: Начальные и прогнозные параметры
B3: Компания | C3: ООО "Газпромнефть-Хантос" | D3: Проект | E3: Забой | K3: Начало бурения | N3: 45489.208
B4: Месторождение | C4: Южно-Приобское | D4: Секция | E4: План | H4: Факт | I4: св, шт | J4: ОК, шт | K4: План окончания бурения | N4: =J89 -> 45516.071
B5: Кустовая площадка | C5: 112А.1 | D5: 323.9 | E5: 80 | J5: =ROUNDUP((E5-5)/11.3,0) -> 7 | K5: Факт/прогноз | N5: =O89 -> 45516.375
B6: Скважина № | C6: 46626 | D6: 244.5 | E6: 1500 | I6: =ROUNDUP((E6-E5)/25.5,0) -> 56 | J6: =ROUNDUP((E6-E5-5)/11.3,0) -> 126 | K6: БП | N6: =N3+R90 -> 45516.071
B7: Тип скважины | C7: ГС | D7: 177.8 | E7: 3300 | I7: =ROUNDUP((E7-E6)/25.5,0) -> 71 | J7: =ROUNDUP((E7-E6-5)/11.3,0) -> 159 | K7: План, сут* | N7: =N4-N3 -> 26.8625
B8: Руководитель направления | C8: Тырин Владимир Олегович | D8: 114 | E8: 4449 | I8: =ROUNDUP((E8-E7)/25.5,0) -> 46 | J8: =ROUNDUP((E8-E7-5)/11.3,0) -> 102 | K8: Факт/прогноз, сут | N8: =N5-N3 -> 27.166667
K9: БП, сут | N9: =N6-N3 -> 26.8625 | W9: ПС, сут | X9: =SUM(I49:I52)/24 -> 0.70833333
D10: Длина ГС | E10: =E8-E7 -> 1149 | H10: =H8-H7 -> 0 | K10: Скорость бурения, сут/1000м | L10: План | N10: =N7/E13*1000 -> 6.0378737 | W10: ГС, сут/1000 м | X10: =(N7-X9)/E8*1000 -> 5.8786619
D11: Пилот №1/точка срезки/Длина | G11: =E11-F11 -> 0 | J11: 0 | L11: Факт+Прогноз | N11: =N8/E13*1000 -> 6.1062411
D12: Пилот №2/точка срезки/Длина | G12: =E12-F12 -> 0 | J12: 0 | L12: БП | N12: =N9/E13*1000 -> 6.0378737
D13: Проходка | E13: =E8+G11+G12 -> 4449 | K13: Отклон.от ЦО для бонуса, сут. | N13: =N5-N4 -> 0.30416667
D14: Индекс сложности | K14: Прогноз % времени на ТО БУ | N14: ='реестр НПВ'!M56/('Глубина-день'!N8*24-'реестр НПВ'!M63) -> 0
D15: Зимний коэффициент | E15: 1 | K15: *Плановое время учитывает 5% времени на ТО БУ
A17: Операции | H17: План | K17: Факт | Q17: БП | S17: Мероприятия
A18: # | B18: Операции | C18: Описание | E18: ОК | F18: Интервал | H18: Забой, м | I18: Время | J18: Окончание | K18: Забой, м | L18: Время Факт, ч | M18: НПВ, ч | N18: Откл | O18: Окончание | P18: Примечание | Q18: Забой, м | R18: Время | S18: Описание
F19: от | G19: до | O19: Факт/Прогноз
A20: 1 | B20: КНБК | C20: Сборка роторной КНБК | E20: 324 | F20: 0 | H20: =G20 -> 0 | I20: 0.5 | J20: =N3+I20/24 -> 45489.229 | K20: 0 | L20: 0.5 | N20: =IF(L20="","",L20-I20) -> 0 | O20: =IF(L20<>"",N3+L20/24,N3+I20/24) -> 45489.229 | Q20: =H20 -> 0 | R20: =I20 -> 0.5
A21: =A20+1 -> 2 | B21: Бурение | C21: Бурение под направление | E21: =E20 -> 324 | F21: 0 | G21: 80 | H21: =G21 -> 80 | I21: 2 | J21: =IF(I21<>"",J20+I21/24,"") -> 45489.312 | K21: 80 | L21: 2 | N21: =IF(L21="","",L21-I21) -> 0 | O21: =IF(L21<>"",O20+L21/24,O20+I21/24) -> 45489.312 | Q21: =H21 -> 80 | R21: =I21 -> 2
A22: =A21+1 -> 3 | B22: Шаблонирование / проработка | C22: Шаблонировка пробуренного интервала + промывка на забое+ подъем КНБК | E22: =E21 -> 324 | F22: 0 | G22: 80 | H22: =H21 -> 80 | I22: 1 | J22: =IF(I22<>"",J21+I22/24,"") -> 45489.354 | K22: 80 | L22: 1 | N22: =IF(L22="","",L22-I22) -> 0 | O22: =IF(L22<>"",O21+L22/24,O21+I22/24) -> 45489.354 | Q22: =H22 -> 80 | R22: =I22 -> 1
A23: =A22+1 -> 4 | B23: КНБК | C23: Разборка КНБК | E23: =E22 -> 324 | H23: =H22 -> 80 | I23: 0.5 | J23: =IF(I23<>"",J22+I23/24,"") -> 45489.375 | K23: 80 | L23: 0.5 | N23: =IF(L23="","",L23-I23) -> 0 | O23: =IF(L23<>"",O22+L23/24,O22+I23/24) -> 45489.375 | Q23: =H23 -> 80 | R23: =I23 -> 0.5
A24: =A23+1 -> 5 | B24: Подготовительные работы | C24: ПР к спуску направления 324мм | E24: =E23 -> 324 | H24: =H23 -> 80 | I24: 1 | J24: =IF(I24<>"",J23+I24/24,"") -> 45489.417 | K24: 80 | L24: 1 | N24: =IF(L24="","",L24-I24) -> 0 | O24: =IF(L24<>"",O23+L24/24,O23+I24/24) -> 45489.417 | Q24: =H24 -> 80 | R24: =I24 -> 1
A25: =A24+1 -> 6 | B25: Крепление | C25: Спуск направления 324мм | E25: =E24 -> 324 | F25: 0 | G25: 80 | H25: =H24 -> 80 | I25: 2 | J25: =IF(I25<>"",J24+I25/24,"") -> 45489.5 | K25: 80 | L25: 2 | N25: =IF(L25="","",L25-I25) -> 0 | O25: =IF(L25<>"",O24+L25/24,O24+I25/24) -> 45489.5 | Q25: =H25 -> 80 | R25: =I25 -> 2
A26: =A25+1 -> 7 | B26: Циркуляция и Обработка БР | C26: Промывка перед цементажем | E26: =E25 -> 324 | H26: =H25 -> 80 | I26: 0.5 | J26: =IF(I26<>"",J25+I26/24,"") -> 45489.521 | K26: 80 | L26: 0.5 | N26: =IF(L26="","",L26-I26) -> 0 | O26: =IF(L26<>"",O25+L26/24,O25+I26/24) -> 45489.521 | Q26: =H26 -> 80 | R26: =I26 -> 0.5
A27: =A26+1 -> 8 | B27: Крепление | C27: Цементаж направления 324мм | E27: =E26 -> 324 | H27: =H26 -> 80 | I27: 1.5 | J27: =IF(I27<>"",J26+I27/24,"") -> 45489.583 | K27: 80 | L27: 1.5 | N27: =IF(L27="","",L27-I27) -> 0 | O27: =IF(L27<>"",O26+L27/24,O26+I27/24) -> 45489.583 | P27: БК-79м. ЦКОД-78,20м. | Q27: =H27 -> 80 | R27: =I27 -> 1.5
A28: =A27+1 -> 9 | B28: ОЗЦ | C28: ОЗЦ. Оборудование устья. Сборка СБТ-127мм (1500м) | E28: =E27 -> 324 | H28: =H27 -> 80 | I28: 8 | J28: =IF(I28<>"",J27+I28/24,"") -> 45489.917 | K28: 80 | L28: 8 | N28: =IF(L28="","",L28-I28) -> 0 | O28: =IF(L28<>"",O27+L28/24,O27+I28/24) -> 45489.917 | Q28: =H28 -> 80 | R28: =I28 -> 8 | Y28: ч
A29: =A28+1 -> 10 | B29: СПО | C29: Сборка БИ (1500м) с установкой на подсвечник | E29: =E28 -> 324 | H29: =H28 -> 80 | I29: 12 | J29: =IF(I29<>"",J28+I29/24,"") -> 45490.417 | K29: 80 | L29: 9 | N29: =IF(L29="","",L29-I29) -> -3 | O29: =IF(L29<>"",O28+L29/24,O28+I29/24) -> 45490.292 | Q29: =H29 -> 80 | R29: =I29 -> 12 | U29: =60/(3+3)*12.5 -> 125 | V29: =(G29-F29)/I29 -> 0 | W29: =(G29-F29)/L29 -> 0 | Y29: =(G29-F29)/U29 -> 0
A30: =A29+1 -> 11 | B30: КНБК | C30: Сборка КНБК для бурения | E30: =D6 -> 244.5 | H30: =H29 -> 80 | I30: 3 | J30: =IF(I30<>"",J29+I30/24,"") -> 45490.542 | K30: 80 | L30: 2.5 | N30: =IF(L30="","",L30-I30) -> -0.5 | O30: =IF(L30<>"",O29+L30/24,O29+I30/24) -> 45490.396 | Q30: =H30 -> 80 | R30: =I30 -> 3
A31: =A30+1 -> 12 | B31: СПО | C31: Cпуск КНБК со сборкой БИ с мостков | E31: =E30 -> 244.5 | F31: 0 | G31: 80 | H31: =H30 -> 80 | I31: 0.5 | J31: =IF(I31<>"",J30+I31/24,"") -> 45490.562 | K31: 80 | L31: 0.25 | N31: =IF(L31="","",L31-I31) -> -0.25 | O31: =IF(L31<>"",O30+L31/24,O30+I31/24) -> 45490.406 | Q31: =H31 -> 80 | R31: =I31 -> 0.5 | AE31: м/ч бур
A32: =A31+1 -> 13 | B32: Бурение | C32: Разбурка оснастки (ЦКОД, цем.стакан, БК), замена раствора | E32: =E31 -> 244.5 | F32: 75 | G32: 81 | H32: =G32 -> 81 | I32: 1 | J32: =IF(I32<>"",J31+I32/24,"") -> 45490.604 | K32: 80 | L32: 1 | N32: =IF(L32="","",L32-I32) -> 0 | O32: =IF(L32<>"",O31+L32/24,O31+I32/24) -> 45490.448 | Q32: =H32 -> 81 | R32: =I32 -> 1 | U32: Н | V32: П | W32: Ф | Y32: св | Z32: наращ | AA32: замер | AB32: ориент | AC32: Прор | AD32: пром | AE32: 80 | AG32: сум бур
A33: =A32+1 -> 14 | B33: Вспомогательные работы | C33: Чистка ЦСГО | E33: 245 | H33: =H32 -> 81 | I33: 1 | J33: =IF(I33<>"",J32+I33/24,"") -> 45490.646 | K33: 80 | L33: 0.5 | N33: =IF(L33="","",L33-I33) -> -0.5 | O33: =IF(L33<>"",O32+L33/24,O32+I33/24) -> 45490.469 | Q33: =H33 -> 81 | R33: =I33 -> 1 | U33: 32 | V33: =(G33-F33)/I33 -> 0 | W33: =(K33-K32)/(L33-M33) -> 0 | Y33: =(G33-F33)/25.5 -> 0 | Z33: =Y33*0.15*$E$15 -> 0 | AA33: =Y33*5/60 -> 0 | AB33: =(G33-F33)*0.33/8*5/60 -> 0 | AD33: =(300^2-127^2)*3.14/4/10^6*200/70/60*1000 -> 2.7613683 | AE33: =(G33-F33)/AE32 -> 0 | AG33: =SUM(Z33:AE33) -> 2.7613683
A34: =A33+1 -> 15 | B34: Бурение | C34: Бурение под кондуктор (наращивание с мостков) | E34: =E33 -> 245 | F34: 81 | G34: =E6 -> 1500 | H34: =G34 -> 1500 | I34: 45 | J34: =IF(I34<>"",J33+I34/24,"") -> 45492.521 | K34: 1500 | L34: 45 | M34: 1.75 | N34: =IF(L34="","",L34-I34) -> 0 | O34: =IF(L34<>"",O33+L34/24,O33+I34/24) -> 45492.344 | P34: НПВ №1 Ремонт.Замена опорной втулки на БН№1 (1,75ч). | Q34: =H34 -> 1500 | R34: =I34 -> 45 | Y34: ч
A35: =A34+1 -> 16 | B35: Циркуляция и Обработка БР | C35: Промывка на забое, продувка | E35: =E34 -> 245 | H35: =H34 -> 1500 | I35: 2 | J35: =IF(I35<>"",J34+I35/24,"") -> 45492.604 | K35: 1500 | L35: 2 | N35: =IF(L35="","",L35-I35) -> 0 | O35: =IF(L35<>"",O34+L35/24,O34+I35/24) -> 45492.427 | Q35: =H35 -> 1500 | R35: =I35 -> 2 | U35: 200 | V35: =(G35-F35)/I35 -> 0 | W35: =(K35-K32)/(L35-M35) -> 710 | Y35: =ROUNDDOWN(0.089*$E$15*(F35-G35)/25.5,2) -> 0
A36: =A35+1 -> 17 | B36: СПО | C36: Шаблонирование подъём КНБК | E36: =E35 -> 245 | F36: =G34 -> 1500 | G36: 80 | H36: =H35 -> 1500 | I36: 8 | J36: =IF(I36<>"",J35+I36/24,"") -> 45492.938 | K36: 1500 | L36: 8 | N36: =IF(L36="","",L36-I36) -> 0 | O36: =IF(L36<>"",O35+L36/24,O35+I36/24) -> 45492.76 | Q36: =H36 -> 1500 | R36: =I36 -> 8 | U36: 250 | V36: =(G36-F36)/I36 -> -177.5 | W36: =(K36-K32)/(L36-M36) -> 177.5 | Y36: =ROUNDDOWN(0.085*$E$15*(G36-F36)/25.5,2) -> -4.73
A37: =A36+1 -> 18 | B37: СПО | C37: Шаблонирование спуск КНБК | E37: =E36 -> 245 | F37: 80 | G37: =G34 -> 1500 | H37: =H36 -> 1500 | I37: 7 | J37: =IF(I37<>"",J36+I37/24,"") -> 45493.229 | K37: 1500 | L37: 5.75 | N37: =IF(L37="","",L37-I37) -> -1.25 | O37: =IF(L37<>"",O36+L37/24,O36+I37/24) -> 45493 | Q37: =H37 -> 1500 | R37: =I37 -> 7
A38: =A37+1 -> 19 | B38: Циркуляция и Обработка БР | C38: Промывка на забое,продувка | E38: =E37 -> 245 | H38: =H37 -> 1500 | I38: 2 | J38: =IF(I38<>"",J37+I38/24,"") -> 45493.312 | K38: 1500 | L38: 2 | N38: =IF(L38="","",L38-I38) -> 0 | O38: =IF(L38<>"",O37+L38/24,O37+I38/24) -> 45493.083 | Q38: =H38 -> 1500 | R38: =I38 -> 2 | U38: 270 | V38: =(G38-F38)/I38 -> 0 | W38: =K38/(L38-M38) -> 750
A39: =A38+1 -> 20 | B39: СПО | C39: Подъём КНБК | E39: =E38 -> 245 | F39: =G37 -> 1500 | G39: 0 | H39: =H38 -> 1500 | I39: 7 | J39: =IF(I39<>"",J38+I39/24,"") -> 45493.604 | K39: 1500 | L39: 4.5 | N39: =IF(L39="","",L39-I39) -> -2.5 | O39: =IF(L39<>"",O38+L39/24,O38+I39/24) -> 45493.271 | Q39: =H39 -> 1500 | R39: =I39 -> 7
A40: =A39+1 -> 21 | B40: КНБК | C40: Разборка КНБК с телесистемой | E40: =E39 -> 245 | H40: =H39 -> 1500 | I40: 3 | J40: =IF(I40<>"",J39+I40/24,"") -> 45493.729 | K40: 1500 | L40: 3 | N40: =IF(L40="","",L40-I40) -> 0 | O40: =IF(L40<>"",O39+L40/24,O39+I40/24) -> 45493.396 | Q40: =H40 -> 1500 | R40: =I40 -> 3 | Y40: ч
A41: =A40+1 -> 22 | B41: Подготовительные работы | C41: ПЗР к спуску ОК 245мм | E41: =E40 -> 245 | H41: =H40 -> 1500 | I41: 1 | J41: =IF(I41<>"",J40+I41/24,"") -> 45493.771 | K41: 1500 | L41: 0.5 | N41: =IF(L41="","",L41-I41) -> -0.5 | O41: =IF(L41<>"",O40+L41/24,O40+I41/24) -> 45493.417 | Q41: =H41 -> 1500 | R41: =I41 -> 1 | U41: =60/(3.5)*11.3 -> 193.71429 | V41: =(G41-F41)/I41 -> 0 | W41: =K41/(L41-M41) -> 3000 | Y41: =(G41-F41)/U41 -> 0
A42: =A41+1 -> 23 | B42: Крепление | C42: Спуск ОК 245мм с промежуточными промывками | E42: =E41 -> 245 | F42: 0 | G42: =F39 -> 1500 | H42: =H41 -> 1500 | I42: 13 | J42: =IF(I42<>"",J41+I42/24,"") -> 45494.312 | K42: 1500 | L42: 11 | N42: =IF(L42="","",L42-I42) -> -2 | O42: =IF(L42<>"",O41+L42/24,O41+I42/24) -> 45493.875 | Q42: =H42 -> 1500 | R42: =I42 -> 13
A43: =A42+1 -> 24 | B43: Циркуляция и Обработка БР | C43: Промывка перед цементажем | E43: =E42 -> 245 | H43: =H42 -> 1500 | I43: 2 | J43: =IF(I43<>"",J42+I43/24,"") -> 45494.396 | K43: 1500 | L43: 2 | N43: =IF(L43="","",L43-I43) -> 0 | O43: =IF(L43<>"",O42+L43/24,O42+I43/24) -> 45493.958 | Q43: =H43 -> 1500 | R43: =I43 -> 2
A44: =A43+1 -> 25 | B44: Крепление | C44: Цементаж кондуктора 245мм | E44: =E43 -> 245 | H44: =H43 -> 1500 | I44: 3 | J44: =IF(I44<>"",J43+I44/24,"") -> 45494.521 | K44: 1500 | L44: 3 | N44: =IF(L44="","",L44-I44) -> 0 | O44: =IF(L44<>"",O43+L44/24,O43+I44/24) -> 45494.083 | P44: БК-1498,54м. ЦКОД-1486,37м. | Q44: =H44 -> 1500 | R44: =I44 -> 3
A45: =A44+1 -> 26 | B45: Вспомогательные работы | C45: Монтаж ОУС,Вывоз БР | E45: =E44 -> 245 | H45: =H43 -> 1500 | I45: 2 | J45: =IF(I45<>"",J44+I45/24,"") -> 45494.604 | K45: 1500 | L45: 2 | N45: =IF(L45="","",L45-I45) -> 0 | O45: =IF(L45<>"",O44+L45/24,O44+I45/24) -> 45494.167 | Q45: =H45 -> 1500 | R45: =I45 -> 2
A46: =A45+1 -> 27 | B46: Вспомогательные работы | C46: Монтаж ПВО, монтаж разрезной воронки и устьевого желоба | E46: =E45 -> 245 | H46: =H44 -> 1500 | I46: 6 | J46: =IF(I46<>"",J45+I46/24,"") -> 45494.854 | K46: 1500 | L46: 6 | N46: =IF(L46="","",L46-I46) -> 0 | O46: =IF(L46<>"",O45+L46/24,O45+I46/24) -> 45494.417 | Q46: =H46 -> 1500 | R46: =I46 -> 6 | Y46: ч
A47: =A46+1 -> 28 | B47: Вспомогательные работы | C47: Опрессовка глухих плашек ППГ, БГ, БД, выкидных линий, крестовины с коренными задвижками, приготовление бур.раствора, сборка БИ (350 м) | E47: =E46 -> 245 | H47: =H45 -> 1500 | I47: 2 | J47: =IF(I47<>"",J46+I47/24,"") -> 45494.938 | K47: 1500 | L47: 8 | N47: =IF(L47="","",L47-I47) -> 6 | O47: =IF(L47<>"",O46+L47/24,O46+I47/24) -> 45494.75 | P47: п.68. Перетяжка талевого каната - 6ч. | Q47: =H47 -> 1500 | R47: =I47 -> 2 | U47: =60/(3+3)*12.5 -> 125 | V47: =(G47-F47)/I47 -> 0 | Y47: =(G47-F47)/U47 -> 0
A48: =A47+1 -> 29 | B48: КНБК | C48: Сборка КНБК на бурение транспортного ствола | E48: 178 | H48: =H47 -> 1500 | I48: 4 | J48: =IF(I48<>"",J47+I48/24,"") -> 45495.104 | K48: 1500 | L48: 3 | N48: =IF(L48="","",L48-I48) -> -1 | O48: =IF(L48<>"",O47+L48/24,O47+I48/24) -> 45494.875 | Q48: =H48 -> 1500 | R48: =I48 -> 4
A49: =A48+1 -> 30 | B49: СПО | C49: Спуск КНБК со сборкой БИ с приемных мостков с промежуточными промывками | E49: =E48 -> 178 | H49: =H48 -> 1500 | I49: 12 | J49: =IF(I49<>"",J48+I49/24,"") -> 45495.604 | K49: 1500 | L49: 12 | N49: =IF(L49="","",L49-I49) -> 0 | O49: =IF(L49<>"",O48+L49/24,O48+I49/24) -> 45495.375 | Q49: =H49 -> 1500 | R49: =I49 -> 12 | Y49: ч
A50: =A49+1 -> 31 | B50: КНБК | C50: Опрессовка трубных плашек, ПУГ | E50: =E49 -> 178 | H50: =H49 -> 1500 | I50: 1.5 | J50: =IF(I50<>"",J49+I50/24,"") -> 45495.667 | K50: 1500 | L50: 1.5 | N50: =IF(L50="","",L50-I50) -> 0 | O50: =IF(L50<>"",O49+L50/24,O49+I50/24) -> 45495.438 | Q50: =H50 -> 1500 | R50: =I50 -> 1.5 | U50: =60/(3)*12.5 -> 250 | V50: =(G50-F50)/I50 -> 0 | Y50: =(G50-F50)/U50 -> 0
A51: =A50+1 -> 32 | B51: Бурение | C51: Разбурка БК, ЦКОДа и цем.стакана | E51: =E50 -> 178 | F51: =G42-3 -> 1497 | G51: =G42 -> 1500 | H51: =H50 -> 1500 | I51: 2.5 | J51: =IF(I51<>"",J50+I51/24,"") -> 45495.771 | K51: 1500 | L51: 2.5 | N51: =IF(L51="","",L51-I51) -> 0 | O51: =IF(L51<>"",O50+L51/24,O50+I51/24) -> 45495.542 | Q51: =H51 -> 1500 | R51: =I51 -> 2.5 | AE51: м/ч бур
A52: =A51+1 -> 33 | B52: Бурение | C52: Перевод скважины на новый раствор, | E52: =E51 -> 178 | H52: =H51 -> 1500 | I52: 1 | J52: =IF(I52<>"",J51+I52/24,"") -> 45495.812 | K52: 1500 | L52: 1 | N52: =IF(L52="","",L52-I52) -> 0 | O52: =IF(L52<>"",O51+L52/24,O51+I52/24) -> 45495.583 | Q52: =H52 -> 1500 | R52: =I52 -> 1 | Y52: св | Z52: наращ | AA52: замер | AB52: ориент | AC52: Прор | AD52: пром | AE52: 65 | AG52: сум | AH52: v ср | AI52: =(#REF!-#REF!)/SUM(AE53,AE55,AE57,AE58) -> #REF!
A53: =A52+1 -> 34 | B53: Вспомогательные работы | C53: Чистка ЦСГО | E53: =E52 -> 178 | H53: =H52 -> 1500 | I53: 1 | J53: =IF(I53<>"",J52+I53/24,"") -> 45495.854 | K53: 1500 | L53: 1 | N53: =IF(L53="","",L53-I53) -> 0 | O53: =IF(L53<>"",O52+L53/24,O52+I53/24) -> 45495.625 | Q53: =H53 -> 1500 | R53: =I53 -> 1 | U53: 30 | V53: =(#REF!-#REF!)/#REF! -> #REF! | W53: =(#REF!-K52)/(#REF!-#REF!) -> #REF! | Y53: =(#REF!-#REF!)/25.5 -> #REF! | Z53: =Y53*0.15*$E$15 -> #REF! | AA53: =Y53*5/60 -> #REF! | AB53: =(#REF!-#REF!)*0.2/8*8/60 -> #REF! | AC53: =Y53*3*25.5/1000 -> #REF! | AD53: =(220.7^2-127^2)*3.14/4/10^6*200/40/60/60*1000*Y53 -> #REF! | AE53: =(#REF!-#REF!)/AE52 -> #REF! | AG53: =SUM(Z53:AE53) -> #REF!
A54: =A53+1 -> 35 | B54: Бурение | C54: Бурение транспортного ствола (прокачка укрепляющих пачек ч/з каждые 150-200м) | E54: =E53 -> 178 | F54: =G51 -> 1500 | G54: =E7 -> 3300 | H54: 3286 | I54: 80 | J54: =IF(I54<>"",J53+I54/24,"") -> 45499.188 | K54: 3286 | L54: 134.25 | M54: 54.25 | N54: =IF(L54="","",L54-I54) -> 54.25 | O54: =IF(L54<>"",O53+L54/24,O53+I54/24) -> 45501.219 | P54: НПВ №2 ООО ВМУ Ремонт насоса, замена опорной втулки гидравлика №3; №2. - 5,0ч.. НПВ № 3 ООО ВМУ Ремонт БН№1, замена корпуса цилиндра втулки - 9,0ч. НПВ №4 Незапланированное СПО. Обработка БР. - 13,5ч. НПВ №5 ООО "ВМУ" Ремонт пневмосистемы питания ШПМ 1070м. Замена ШПМ 1070м. -6,0ч НПВ №6 ООО "ВМУ" Ремонт БН. Замена клапа поршня, опорной втулки. -1,5ч. НПВ №7 ООО "ВМУ" Ремонт. Промыв соединения монифольдной линии 8,0ч. НПВ №8 ООО ВМУ Ремонт БН. Замена малой гидрокоробки - 4,0ч НПВ №9 ООО ВМУ Ремонт БН. Замена опорной втулки - 3,50ч. НПВ №10 ООО ВМУ Ремонт. Замена РВД длиной 4м на манифольдной линии в ЕБ. (Промытие РВД по телу) 3,75ч. | Q54: =H54 -> 3286 | R54: =I54 -> 80 | AE54: 55
A55: =A54+1 -> 36 | B55: Циркуляция и Обработка БР | C55: Промывка на забое, прокачка кольмат. Пачки, продувка | E55: 178 | H55: =H54 -> 3286 | I55: 3 | J55: =IF(I55<>"",J54+I55/24,"") -> 45499.312 | K55: 3286 | L55: 3 | N55: =IF(L55="","",L55-I55) -> 0 | O55: =IF(L55<>"",O54+L55/24,O54+I55/24) -> 45501.344 | Q55: =H55 -> 3286 | R55: =I55 -> 3 | U55: 27 | V55: =(#REF!-#REF!)/#REF! -> #REF! | W55: =(#REF!-#REF!)/(#REF!-#REF!) -> #REF! | Y55: =(#REF!-#REF!)/25.5 -> #REF! | Z55: =Y55*0.15*$E$15 -> #REF! | AA55: =Y55*5/60 -> #REF! | AB55: =(#REF!-#REF!)*0.6/8*5/60 -> #REF! | AC55: =Y55*3*25.5/1000 -> #REF! | AD55: =(220.7^2-127^2)*3.14/4/10^6*200/40/60/60*1000*Y55 -> #REF! | AE55: =(#REF!-#REF!)/AE54 -> #REF! | AG55: =SUM(Z55:AE55) -> #REF!
A56: =A55+1 -> 37 | B56: СПО | C56: Подъем КНБК шаблонировка ствола скважины | E56: 178 | F56: =G54 -> 3300 | G56: =F54 -> 1500 | H56: =H55 -> 3286 | I56: 9 | J56: =IF(I56<>"",J55+I56/24,"") -> 45499.688 | K56: 3286 | L56: 8.75 | M56: 1.25 | N56: =IF(L56="","",L56-I56) -> -0.25 | O56: =IF(L56<>"",O55+L56/24,O55+I56/24) -> 45501.708 | P56: НПВ №11 ООО "ВМУ". Ремонт. Поиск и устранение утечки воздуха пневматической системы ШПМ-1070 - 1,25ч. | Q56: =H56 -> 3286 | R56: =I56 -> 9 | AE56: 40
A57: =A56+1 -> 38 | B57: СПО | C57: Спуск КНБК шаблонировка ствола скважины | E57: 178 | F57: =G56 -> 1500 | G57: =F56 -> 3300 | H57: =H56 -> 3286 | I57: 8 | J57: =IF(I57<>"",J56+I57/24,"") -> 45500.021 | K57: 3286 | L57: 7.5 | N57: =IF(L57="","",L57-I57) -> -0.5 | O57: =IF(L57<>"",O56+L57/24,O56+I57/24) -> 45502.021 | Q57: =H57 -> 3286 | R57: =I57 -> 8 | U57: 22 | V57: =(#REF!-#REF!)/#REF! -> #REF! | W57: =(#REF!-#REF!)/(#REF!-#REF!) -> #REF! | Y57: =(#REF!-#REF!)/25.5 -> #REF! | Z57: =Y57*0.15*$E$15 -> #REF! | AA57: =Y57*5/60 -> #REF! | AB57: =(#REF!-#REF!)*0.2/8*5/60 -> #REF! | AC57: =Y57*3*25.5/1000 -> #REF! | AD57: =(220.7^2-127^2)*3.14/4/10^6*200/40/60/60*1000*Y57 -> #REF! | AE57: =(#REF!-#REF!)/AE56 -> #REF! | AG57: =SUM(Z57:AE57) -> #REF!
A58: =A57+1 -> 39 | B58: Циркуляция и Обработка БР | C58: Промывка на забое, установка смазывающей пачки | E58: 178 | H58: =H57 -> 3286 | I58: 3 | J58: =IF(I58<>"",J57+I58/24,"") -> 45500.146 | K58: 3286 | L58: 3 | N58: =IF(L58="","",L58-I58) -> 0 | O58: =IF(L58<>"",O57+L58/24,O57+I58/24) -> 45502.146 | Q58: =H58 -> 3286 | R58: =I58 -> 3 | U58: 17 | V58: =(#REF!-#REF!)/#REF! -> #REF! | W58: =(#REF!-#REF!)/(#REF!-#REF!) -> #REF! | Y58: =(#REF!-#REF!)/25.5 -> #REF! | Z58: =Y58*0.15*$E$15 -> #REF! | AA58: =Y58*5/60 -> #REF! | AB58: =(#REF!-#REF!)*0.6/8*5/60 -> #REF! | AC58: =Y58*3*25.5/1000 -> #REF! | AD58: =(220.7^2-127^2)*3.14/4/10^6*200/40/60/60*1000*Y58 -> #REF! | AE58: =(#REF!-#REF!)/AE56 -> #REF! | AG58: =SUM(Z58:AE58) -> #REF!
A59: =A58+1 -> 40 | B59: СПО | C59: Подъем КНБК | E59: 178 | F59: =G57 -> 3300 | G59: 0 | H59: =H58 -> 3286 | I59: 9 | J59: =IF(I59<>"",J58+I59/24,"") -> 45500.521 | K59: 3286 | L59: 9 | N59: =IF(L59="","",L59-I59) -> 0 | O59: =IF(L59<>"",O58+L59/24,O58+I59/24) -> 45502.521 | Q59: =H59 -> 3286 | R59: =I59 -> 9
A60: =A59+1 -> 41 | B60: КНБК | C60: Разборка КНБК с т/с | E60: 178 | H60: =H59 -> 3286 | I60: 3.5 | J60: =IF(I60<>"",J59+I60/24,"") -> 45500.667 | K60: 3286 | L60: 2.5 | N60: =IF(L60="","",L60-I60) -> -1 | O60: =IF(L60<>"",O59+L60/24,O59+I60/24) -> 45502.625 | Q60: =H60 -> 3286 | R60: =I60 -> 3.5 | U60: 170 | V60: =(#REF!-#REF!)/#REF! -> #REF! | W60: =(#REF!-K51)/(#REF!-#REF!) -> #REF!
A61: =A60+1 -> 42 | B61: Вспомогательные работы | C61: ПЗР к спуску ОК-178мм. | E61: 178 | H61: =H60 -> 3286 | I61: 1 | J61: =IF(I61<>"",J60+I61/24,"") -> 45500.708 | K61: 3286 | L61: 1 | N61: =IF(L61="","",L61-I61) -> 0 | O61: =IF(L61<>"",O60+L61/24,O60+I61/24) -> 45502.667 | Q61: =H61 -> 3286 | R61: =I61 -> 1 | U61: 350 | V61: =(#REF!-#REF!)/#REF! -> #REF! | W61: =(#REF!-K50)/(#REF!-#REF!) -> #REF!
A62: =A61+1 -> 43 | B62: Крепление | C62: Спуск ОК 178 мм с промежуточными промывками | E62: 178 | F62: =G59 -> 0 | G62: =F59 -> 3300 | H62: =H61 -> 3286 | I62: 19 | J62: =IF(I62<>"",J61+I62/24,"") -> 45501.5 | K62: 3286 | L62: 19 | N62: =IF(L62="","",L62-I62) -> 0 | O62: =IF(L62<>"",O61+L62/24,O61+I62/24) -> 45503.458 | Q62: =H62 -> 3286 | R62: =I62 -> 19
A63: =A62+1 -> 44 | B63: Циркуляция и Обработка БР | C63: Промывка перед цементированием ОК-178мм | E63: 178 | H63: =H62 -> 3286 | I63: 3 | J63: =IF(I63<>"",J62+I63/24,"") -> 45501.625 | K63: 3286 | L63: 3 | N63: =IF(L63="","",L63-I63) -> 0 | O63: =IF(L63<>"",O62+L63/24,O62+I63/24) -> 45503.583 | Q63: =H63 -> 3286 | R63: =I63 -> 3 | U63: =60/(5)*25.5 -> 306 | V63: =#REF!/#REF! -> #REF! | W63: =#REF!/(#REF!-#REF!) -> #REF!
A64: =A63+1 -> 45 | B64: Крепление | C64: Цементирование ОК-178мм | E64: 178 | H64: =H63 -> 3286 | I64: 3 | J64: =IF(I64<>"",J63+I64/24,"") -> 45501.75 | K64: 3286 | L64: 3 | N64: =IF(L64="","",L64-I64) -> 0 | O64: =IF(L64<>"",O63+L64/24,O63+I64/24) -> 45503.708 | Q64: =H64 -> 3286 | R64: =I64 -> 3
A65: =A64+1 -> 46 | B65: ПВО/Вспомогательные работы | C65: Демонтаж ПВО/Чистка емкостей, вывоз БР, заготовка БР. выброс БИ | E65: 178 | H65: =H64 -> 3286 | I65: 26 | J65: =IF(I65<>"",J64+I65/24,"") -> 45502.833 | K65: 3286 | L65: 32 | M65: 6 | N65: =IF(L65="","",L65-I65) -> 6 | O65: =IF(L65<>"",O64+L65/24,O64+I65/24) -> 45505.042 | P65: НПВ №12 ООО ВМУ Ремонт.Замена 2-х задвижек высокого давления на гребенке манифольдной линии ВЛБ-6,0ч | Q65: =H65 -> 3286 | R65: =I65 -> 26
A66: =A65+1 -> 47 | B66: Вспомогательные работы | C66: Монтаж ПВО повторный (смена плашек ПВО), ЗБР, чистка емкостей, вывоз БР, | E66: 178 | H66: =H65 -> 3286 | I66: 6 | J66: =IF(I66<>"",J65+I66/24,"") -> 45503.083 | K66: 3286 | L66: 6 | N66: =IF(L66="","",L66-I66) -> 0 | O66: =IF(L66<>"",O65+L66/24,O65+I66/24) -> 45505.292 | Q66: =H66 -> 3286 | R66: =I66 -> 6
A67: =A66+1 -> 48 | B67: Опрессовка/Вспомогательные работы | C67: Опрессовка ПВО, (глухие) / Сборка БИ-102 (1250м) с мостков.Установка на подсвечник. Заготовка БР | E67: 178 | F67: 1000 | G67: 0 | H67: =H66 -> 3286 | I67: 12 | J67: =IF(I67<>"",J66+I67/24,"") -> 45503.583 | K67: 3286 | L67: 15 | M67: 3 | N67: =IF(L67="","",L67-I67) -> 3 | O67: =IF(L67<>"",O66+L67/24,O66+I67/24) -> 45505.917 | P67: Опрессовка глухих плашек ПВО на 95атм БР-1,44 НПВ №13 ООО ВМУ Ремонт. Замена рабочего переводника и тормозных колодок ЛБУ-3,0ч | Q67: =H67 -> 3286 | R67: =I67 -> 12
A68: =A67+1 -> 49 | B68: Вспомогательные работы | C68: Перетяжка талевого каната | E68: 178 | H68: =H67 -> 3286 | I68: 6 | J68: =IF(I68<>"",J67+I68/24,"") -> 45503.833 | K68: 3286 | L68: 0 | N68: =IF(L68="","",L68-I68) -> -6 | O68: =IF(L68<>"",O67+L68/24,O67+I68/24) -> 45505.917 | Q68: =H68 -> 3286 | R68: =I68 -> 6
A69: =A68+1 -> 50 | B69: Опрессовка | C69: Опрессовка трубных плашек, ПУГ. | E69: 178 | H69: =H68 -> 3286 | I69: 1 | J69: =IF(I69<>"",J68+I69/24,"") -> 45503.875 | K69: 3286 | L69: 1 | N69: =IF(L69="","",L69-I69) -> 0 | O69: =IF(L69<>"",O68+L69/24,O68+I69/24) -> 45505.958 | P69: Опрессовка трубных плашек и ПУГ на 95 атм БР-1,44 | Q69: =H69 -> 3286 | R69: =I69 -> 1
A70: =A69+1 -> 51 | B70: КНБК | C70: Сборка КНБК для бурения горизонтального участка скважины | E70: 178 | H70: =H69 -> 3286 | I70: 4 | J70: =IF(I70<>"",J69+I70/24,"") -> 45504.042 | K70: 3286 | L70: 4 | N70: =IF(L70="","",L70-I70) -> 0 | O70: =IF(L70<>"",O69+L70/24,O69+I70/24) -> 45506.125 | Q70: =H70 -> 3286 | R70: =I70 -> 4
A71: =A70+1 -> 52 | B71: СПО | C71: Спуск КНБК со сборкой БИ с приемных мостков, с промежуточными промывками. | E71: 114 | H71: =H70 -> 3286 | I71: 17 | J71: =IF(I71<>"",J70+I71/24,"") -> 45504.75 | K71: 3286 | L71: 17.5 | N71: =IF(L71="","",L71-I71) -> 0.5 | O71: =IF(L71<>"",O70+L71/24,O70+I71/24) -> 45506.854 | P71: УТЗ ГНВП-0,5ч | Q71: =H71 -> 3286 | R71: =I71 -> 17
A72: =A71+1 -> 53 | B72: Циркуляция и Обработка БР | C72: Промвака перезапись ГК. | E72: 114 | H72: =H71 -> 3286 | I72: 3 | J72: =IF(I72<>"",J71+I72/24,"") -> 45504.875 | K72: 3286 | L72: 2 | N72: =IF(L72="","",L72-I72) -> -1 | O72: =IF(L72<>"",O71+L72/24,O71+I72/24) -> 45506.938 | Q72: =H72 -> 3286 | R72: =I72 -> 3
A73: =A72+1 -> 54 | B73: Бурение | C73: Разбурка БК, ЦКОДа и цем.стакана, Перевод скважины на новый раствор | E73: 114 | F73: =G62-3 -> 3297 | G73: =G62 -> 3300 | H73: =H72 -> 3286 | I73: 4 | J73: =IF(I73<>"",J72+I73/24,"") -> 45505.042 | K73: 3286 | L73: 2 | N73: =IF(L73="","",L73-I73) -> -2 | O73: =IF(L73<>"",O72+L73/24,O72+I73/24) -> 45507.021 | Q73: =H73 -> 3286 | R73: =I73 -> 4
A74: =A73+1 -> 55 | B74: Бурение | C74: Бурение горизонтального участка скважины (прокачка укрепляющих пачек ч/з каждые 100м) | E74: 114 | F74: =G73 -> 3300 | G74: =E8 -> 4449 | H74: =G74 -> 4449 | I74: 105 | J74: =IF(I74<>"",J73+I74/24,"") -> 45509.417 | K74: 4212 | L74: 95.5 | N74: =IF(L74="","",L74-I74) -> -9.5 | O74: =IF(L74<>"",O73+L74/24,O73+I74/24) -> 45511 | Q74: =H74 -> 4449 | R74: =I74 -> 105 | AE74: м/ч бур
A75: =A74+1 -> 56 | B75: Циркуляция и Обработка БР | C75: Промывка на забое | E75: 114 | H75: =H74 -> 4449 | I75: 3 | J75: =IF(I75<>"",J74+I75/24,"") -> 45509.542 | N75: =IF(L75="","",L75-I75) | O75: =IF(L75<>"",O74+L75/24,O74+I75/24) -> 45511.125 | Q75: =H75 -> 4449 | R75: =I75 -> 3 | Y75: св | Z75: наращ | AA75: замер | AB75: ориент | AC75: Прор | AD75: пром | AE75: 65 | AG75: сум | AH75: v ср | AI75: =(#REF!-F53)/SUM(AE83,AE85,AE87,#REF!) -> #REF!
A76: =A75+1 -> 57 | B76: СПО | C76: Подъем КНБК в БК ТК, Сборка недостающего кол-ва ТБТ под спуск хвостовика (кол-во по согласованию с ЦУСС). | E76: 114 | F76: =G74 -> 4449 | G76: =F74 -> 3300 | H76: =H75 -> 4449 | I76: 9 | J76: =IF(I76<>"",J75+I76/24,"") -> 45509.917 | N76: =IF(L76="","",L76-I76) | O76: =IF(L76<>"",O75+L76/24,O75+I76/24) -> 45511.5 | Q76: =H76 -> 4449 | R76: =I76 -> 9
A77: =A76+1 -> 58 | B77: Шаблонирование / проработка | C77: Проработка в 2 этапа: 1 этап - прямая принудительная проработка; 2 этап - имитация спуска хвостовика - интервалы по согл с ЦУСС | E77: 114 | F77: =G76 -> 3300 | G77: =F76 -> 4449 | H77: =H76 -> 4449 | I77: 30 | J77: =IF(I77<>"",J76+I77/24,"") -> 45511.167 | O77: =IF(L77<>"",O76+L77/24,O76+I77/24) -> 45512.75 | Q77: =H77 -> 4449 | R77: =I77 -> 30
A78: =A77+1 -> 59 | B78: Циркуляция и Обработка БР | C78: Промывка, прокачка ВУС | E78: 114 | H78: =H77 -> 4449 | I78: 3.5 | J78: =IF(I78<>"",J77+I78/24,"") -> 45511.312 | O78: =IF(L78<>"",O77+L78/24,O77+I78/24) -> 45512.896 | Q78: =H78 -> 4449 | R78: =I78 -> 3.5
A79: =A78+1 -> 60 | B79: СПО | C79: Подъем КНБК | E79: 114 | F79: =G77 -> 4449 | G79: 0 | H79: =H78 -> 4449 | I79: 15 | J79: =IF(I79<>"",J78+I79/24,"") -> 45511.938 | O79: =IF(L79<>"",O78+L79/24,O78+I79/24) -> 45513.521 | Q79: =H79 -> 4449 | R79: =I79 -> 15
A80: =A79+1 -> 61 | B80: КНБК | C80: Разборка КНБК | E80: 114 | H80: =H79 -> 4449 | I80: 2 | J80: =IF(I80<>"",J79+I80/24,"") -> 45512.021 | O80: =IF(L80<>"",O79+L80/24,O79+I80/24) -> 45513.604 | Q80: =H80 -> 4449 | R80: =I80 -> 2
A81: =A80+1 -> 62 | B81: Крепление | C81: ПР к спуску хвостовика | E81: 114 | H81: =H80 -> 4449 | I81: 1 | J81: =IF(I81<>"",J80+I81/24,"") -> 45512.062 | O81: =IF(L81<>"",O80+L81/24,O80+I81/24) -> 45513.646 | Q81: =H81 -> 4449 | R81: =I81 -> 1
A82: =A81+1 -> 63 | B82: Крепление | C82: Сборка хвостовика 114мм (согласно схемы) | E82: 114 | H82: =H81 -> 4449 | I82: 10.5 | J82: =IF(I82<>"",J81+I82/24,"") -> 45512.5 | O82: =IF(L82<>"",O81+L82/24,O81+I82/24) -> 45514.083 | Q82: =H82 -> 4449 | R82: =I82 -> 10.5
A83: =A82+1 -> 64 | B83: Крепление | C83: Спуск хвостовика 114мм на БИ | E83: 114 | F83: =G79 -> 0 | G83: =F79 -> 4449 | H83: =H82 -> 4449 | I83: 13 | J83: =IF(I83<>"",J82+I83/24,"") -> 45513.042 | N83: =IF(L83="","",L83-I83) | O83: =IF(L83<>"",O82+L83/24,O82+I83/24) -> 45514.625 | Q83: =H83 -> 4449 | R83: =I83 -> 13 | U83: 30 | V83: =(G53-F53)/I53 -> 0 | W83: =(K53-#REF!)/(L53-M53) -> #REF! | Y83: =(G53-F53)/25 -> 0 | Z83: =Y83*0.15*$E$15 -> 0 | AA83: =Y83*5/60 -> 0 | AB83: =(G53-F53)*0.2/8*8/60 -> 0 | AC83: =Y83*3*25.5/1000 -> 0 | AD83: =(220.7^2-127^2)*3.14/4/10^6*200/40/60/60*1000*Y83 -> 0 | AE83: =(G53-F53)/AE75 -> 0 | AG83: =SUM(Z83:AE83) -> 0
A84: =A83+1 -> 65 | B84: Циркуляция и Обработка БР | C84: Промывка | E84: 114 | H84: =H83 -> 4449 | I84: 4 | J84: =IF(I84<>"",J83+I84/24,"") -> 45513.208 | N84: =IF(L84="","",L84-I84) | O84: =IF(L84<>"",O83+L84/24,O83+I84/24) -> 45514.792 | Q84: =H84 -> 4449 | R84: =I84 -> 4 | AE84: 55
A85: =A84+1 -> 66 | B85: Циркуляция и Обработка БР | C85: Активация подвески. Перевод на жидкость заканчивания. | E85: 114 | H85: =H84 -> 4449 | I85: 6 | J85: =IF(I85<>"",J84+I85/24,"") -> 45513.458 | N85: =IF(L85="","",L85-I85) | O85: =IF(L85<>"",O84+L85/24,O84+I85/24) -> 45515.042 | Q85: =H85 -> 4449 | R85: =I85 -> 6 | U85: 27 | V85: =(G55-F55)/I55 -> 0 | W85: =(K55-K54)/(L55-M55) -> 0 | Y85: =(G55-F55)/25 -> 0 | Z85: =Y85*0.15*$E$15 -> 0 | AA85: =Y85*5/60 -> 0 | AB85: =(G55-F55)*0.6/8*5/60 -> 0 | AC85: =Y85*3*25.5/1000 -> 0 | AD85: =(220.7^2-127^2)*3.14/4/10^6*200/40/60/60*1000*Y85 -> 0 | AE85: =(G55-F55)/AE84 -> 0 | AG85: =SUM(Z85:AE85) -> 0
A86: =A85+1 -> 67 | B86: СПО | C86: Подъем БИ с выбросом на мостки | E86: 114 | H86: =H85 -> 4449 | I86: 25 | J86: =IF(I86<>"",J85+I86/24,"") -> 45514.5 | N86: =IF(L86="","",L86-I86) | O86: =IF(L86<>"",O85+L86/24,O85+I86/24) -> 45516.083 | Q86: =H86 -> 4449 | R86: =I86 -> 25 | AE86: 45
A87: =A86+1 -> 68 | B87: ПВО | C87: Демонтаж ПВО | E87: 114 | H87: =H86 -> 4449 | I87: 4 | J87: =IF(I87<>"",J86+I87/24,"") -> 45514.667 | N87: =IF(L87="","",L87-I87) | O87: =IF(L87<>"",O86+L87/24,O86+I87/24) -> 45516.25 | Q87: =H87 -> 4449 | R87: =I87 -> 4 | U87: 22 | V87: =(G57-F57)/I57 -> 225 | W87: =(K57-K56)/(L57-M57) -> 0 | Y87: =(G57-F57)/25 -> 72 | Z87: =Y87*0.15*$E$15 -> 10.8 | AA87: =Y87*5/60 -> 6 | AB87: =(G57-F57)*0.2/8*5/60 -> 3.75 | AC87: =Y87*3*25.5/1000 -> 5.508 | AD87: =(220.7^2-127^2)*3.14/4/10^6*200/40/60/60*1000*Y87 -> 2.55749 | AE87: =(G57-F57)/AE86 -> 40 | AG87: =SUM(Z87:AE87) -> 68.61549
A88: =A87+1 -> 69 | B88: Заключительные работы | C88: Монтаж, опрессовка ФА | E88: 178 | H88: =H87 -> 4449 | I88: 3 | J88: =IF(I88<>"",J87+I88/24,"") -> 45514.792 | N88: =IF(L88="","",L88-I88) | O88: =IF(L88<>"",O87+L88/24,O87+I88/24) -> 45516.375 | Q88: =H88 -> 4449 | R88: =I88 -> 3 | Y88: ч
A89: =A88+1 -> 70 | B89: ТО БО | C89: 5% времени на ТО БУ | H89: =H88 -> 4449 | I89: =SUM(I20:I88)*0.05 -> 30.7 | J89: =IF(I89<>"",J88+I89/24,"") -> 45516.071 | L89: 0 | N89: =IF(L89="","",L89-I89) -> -30.7 | O89: =IF(L89<>"",O88+L89/24,O88+I89/24) -> 45516.375 | P89: остаток 5% времени на ТО БУ | R89: =I89 -> 30.7
C90: Итого, сут.: | I90: =SUM(I20:I89)/24 -> 26.8625 | L90: =SUM(L20:L88)/24 -> 21.791667 | M90: =SUM(M20:M88)/24 -> 2.7604167 | N90: =SUM(N20:N88)/24 -> 1.5833333 | O90: =O89 -> 45516.375 | R90: =SUM(R20:R89)/24 -> 26.8625
I91: =(H88-149)*5.9/1000+1.5 -> 26.87 | Y91: ч
U92: =60/(3*2)*12.5 -> 125 | V92: =(G65-F69)/I69 -> 0 | Y92: =G69/U92 -> 0
Y94: ч
U95: =60/(3*2)*12.5 -> 125 | V95: =(G72-F72)/I72 -> 0 | Y95: =G72/U95 -> 0
Y98: ч
U99: =60/(3.5)*12.5 -> 214.28571 | V99: =(G74-F74)/I74 -> 10.942857 | Y99: =(G74-F74)/U99 -> 5.362
AE102: м/ч бур
Y103: св | Z103: наращ | AA103: замер | AB103: ориент | AC103: Прор | AD103: пром | AE103: 20
U104: 14 | V104: =(G85-F85)/I85 -> 0 | W104: =(K85-K84)/(L85-M85) -> #DIV/0! | Y104: =(G85-F85)/25 -> 0 | Z104: =Y104*0.15*$E$15 -> 0 | AA104: =Y104*2*5/60 -> 0 | AB104: =(G85-F85)*0.4/4*7/60 -> 0 | AC104: =Y104*3*2*25/1000 -> 0 | AD104: =(155.6^2*1.15-89^2)*3.14/4*10^(-6)*500/14/60*1000*Y104/60 -> 0 | AE104: =(G85-F85)/AE103 -> 0 | AG104: =SUM(Z104:AE104) -> 0
U106: 200 | V106: =(G87-F87)/I87 -> 0 | W106: =(K87-K75)/(L87-M87) -> #DIV/0!
U109: ч | Y109: ч
...

Sheet Для Печати
A1: Сетевой график "Глубина-день"
B2: Компания | C2: ='Глубина-день'!C3 -> ООО "Газпромнефть-Хантос"
B3: Месторождение | C3: ='Глубина-день'!C4 -> Южно-Приобское
B4: Кустовая площадка | C4: ='Глубина-день'!C5 -> 112А.1
B5: Скважина № | C5: ='Глубина-день'!C6 -> 46626
B6: Руководитель направления | C6: ='Глубина-день'!C7 -> ГС
B7: Супервайзер АО "НИПЦ ГНТ" | C7: =IF('Глубина-день'!C8="","",'Глубина-день'!C8) -> Тырин Владимир Олегович
C8: =IF('Глубина-день'!C9="","",'Глубина-день'!C9)
C9: =IF('Глубина-день'!C10="","",'Глубина-день'!C10)
B10: Дата начала бурения | C10: =IF('глубина-день'!#ref!="","",'глубина-день'!#ref!) -> #VALUE!
A11: ='Глубина-день'!A17:E17 -> Операции | E11: ='Глубина-день'!F17:R17 -> #VALUE! | M11: ='Глубина-день'!K17:P17 -> 0
A12: # | B12: Операции | C12: Описание | D12: Секция | E12: Инт. 1 | F12: Инт. 2 | G12: Проходка | H12: Забой | I12: Время | J12: Дата окончания | K12: РГ | L12: БнБ | M12: Забой | N12: Время Факт | O12: Примечание
A13: =IF('Глубина-день'!A20="","",'Глубина-день'!A20) -> 1 | B13: =IF('Глубина-день'!B20="","",'Глубина-день'!B20) -> КНБК | C13: =IF('Глубина-день'!C20="","",'Глубина-день'!C20) -> Сборка роторной КНБК | D13: =IF('Глубина-день'!E20="","",'Глубина-день'!E20) -> 324 | E13: =IF('Глубина-день'!F20="","",'Глубина-день'!F20) -> 0 | F13: =IF('Глубина-день'!G20="","",'Глубина-день'!G20) | G13: =IF('глубина-день'!#ref!="","",'глубина-день'!#ref!) -> #VALUE! | H13: =IF('Глубина-день'!H20="","",'Глубина-день'!H20) -> 0 | I13: =IF('Глубина-день'!I20="","",'Глубина-день'!I20) -> 0.5 | J13: =IF('Глубина-день'!J20="","",'Глубина-день'!J20) -> 45489.229 | K13: =IF('Глубина-день'!R20="","",'Глубина-день'!R20) -> 0.5 | L13: =IF('глубина-день'!#ref!="","",'глубина-день'!#ref!) -> #VALUE!
A14: =IF('Глубина-день'!A21="","",'Глубина-день'!A21) -> 2 | B14: =IF('Глубина-день'!B21="","",'Глубина-день'!B21) -> Бурение | C14: =IF('Глубина-день'!C21="","",'Глубина-день'!C21) -> Бурение под направление | D14: =IF('Глубина-день'!E21="","",'Глубина-день'!E21) -> 324 | E14: =IF('Глубина-день'!F21="","",'Глубина-день'!F21) -> 0 | F14: =IF('Глубина-день'!G21="","",'Глубина-день'!G21) -> 80 | G14: =IF('глубина-день'!#ref!="","",'глубина-день'!#ref!) -> #VALUE! | H14: =IF('Глубина-день'!H21="","",'Глубина-день'!H21) -> 80 | I14: =IF('Глубина-день'!I21="","",'Глубина-день'!I21) -> 2 | J14: =IF('Глубина-день'!J21="","",'Глубина-день'!J21) -> 45489.312 | K14: =IF('Глубина-день'!R21="","",'Глубина-день'!R21) -> 2 | L14: =IF('глубина-день'!#ref!="","",'глубина-день'!#ref!) -> #VALUE!
A15: =IF('Глубина-день'!A22="","",'Глубина-день'!A22) -> 3 | B15: =IF('Глубина-день'!B22="","",'Глубина-день'!B22) -> Шаблонирование / проработка | C15: =IF('Глубина-день'!C22="","",'Глубина-день'!C22) -> Шаблонировка пробуренного интервала + промывка на забое+ подъем КНБК | D15: =IF('Глубина-день'!E22="","",'Глубина-день'!E22) -> 324 | E15: =IF('Глубина-день'!F22="","",'Глубина-день'!F22) -> 0 | F15: =IF('Глубина-день'!G22="","",'Глубина-день'!G22) -> 80 | G15: =IF('глубина-день'!#ref!="","",'глубина-день'!#ref!) -> #VALUE! | H15: =IF('Глубина-день'!H22="","",'Глубина-день'!H22) -> 80 | I15: =IF('Глубина-день'!I22="","",'Глубина-день'!I22) -> 1 | J15: =IF('Глубина-день'!J22="","",'Глубина-день'!J22) -> 45489.354 | K15: =IF('Глубина-день'!R22="","",'Глубина-день'!R22) -> 1 | L15: =IF('глубина-день'!#ref!="","",'глубина-день'!#ref!) -> #VALUE!
A16: =IF('Глубина-день'!A23="","",'Глубина-день'!A23) -> 4 | B16: =IF('Глубина-день'!B23="","",'Глубина-день'!B23) -> КНБК | C16: =IF('Глубина-день'!C23="","",'Глубина-день'!C23) -> Разборка КНБК | D16: =IF('Глубина-день'!E23="","",'Глубина-день'!E23) -> 324 | E16: =IF('Глубина-день'!F23="","",'Глубина-день'!F23) | F16: =IF('Глубина-день'!G23="","",'Глубина-день'!G23) | G16: =IF('глубина-день'!#ref!="","",'глубина-день'!#ref!) -> #VALUE! | H16: =IF('Глубина-день'!H23="","",'Глубина-день'!H23) -> 80 | I16: =IF('Глубина-день'!I23="","",'Глубина-день'!I23) -> 0.5 | J16: =IF('Глубина-день'!J23="","",'Глубина-день'!J23) -> 45489.375 | K16: =IF('Глубина-день'!R23="","",'Глубина-день'!R23) -> 0.5 | L16: =IF('глубина-день'!#ref!="","",'глубина-день'!#ref!) -> #VALUE!
A17: =IF('Глубина-день'!A24="","",'Глубина-день'!A24) -> 5 | B17: =IF('Глубина-день'!B24="","",'Глубина-день'!B24) -> Подготовительные работы | C17: =IF('Глубина-день'!C24="","",'Глубина-день'!C24) -> ПР к спуску направления 324мм | D17: =IF('Глубина-день'!E24="","",'Глубина-день'!E24) -> 324 | E17: =IF('Глубина-день'!F24="","",'Глубина-день'!F24) | F17: =IF('Глубина-день'!G24="","",'Глубина-день'!G24) | G17: =IF('глубина-день'!#ref!="","",'глубина-день'!#ref!) -> #VALUE! | H17: =IF('Глубина-день'!H24="","",'Глубина-день'!H24) -> 80 | I17: =IF('Глубина-день'!I24="","",'Глубина-день'!I24) -> 1 | J17: =IF('Глубина-день'!J24="","",'Глубина-день'!J24) -> 45489.417 | K17: =IF('Глубина-день'!R24="","",'Глубина-день'!R24) -> 1 | L17: =IF('глубина-день'!#ref!="","",'глубина-день'!#ref!) -> #VALUE!
A18: =IF('Глубина-день'!A25="","",'Глубина-день'!A25) -> 6 | B18: =IF('Глубина-день'!B25="","",'Глубина-день'!B25) -> Крепление | C18: =IF('Глубина-день'!C25="","",'Глубина-день'!C25) -> Спуск направления 324мм | D18: =IF('Глубина-день'!E25="","",'Глубина-день'!E25) -> 324 | E18: =IF('Глубина-день'!F25="","",'Глубина-день'!F25) -> 0 | F18: =IF('Глубина-день'!G25="","",'Глубина-день'!G25) -> 80 | G18: =IF('глубина-день'!#ref!="","",'глубина-день'!#ref!) -> #VALUE! | H18: =IF('Глубина-день'!H25="","",'Глубина-день'!H25) -> 80 | I18: =IF('Глубина-день'!I25="","",'Глубина-день'!I25) -> 2 | J18: =IF('Глубина-день'!J25="","",'Глубина-день'!J25) -> 45489.5 | K18: =IF('Глубина-день'!R25="","",'Глубина-день'!R25) -> 2 | L18: =IF('глубина-день'!#ref!="","",'глубина-день'!#ref!) -> #VALUE!
A19: =IF('Глубина-день'!A26="","",'Глубина-день'!A26) -> 7 | B19: =IF('Глубина-день'!B26="","",'Глубина-день'!B26) -> Циркуляция и Обработка БР | C19: =IF('Глубина-день'!C26="","",'Глубина-день'!C26) -> Промывка перед цементажем | D19: =IF('Глубина-день'!E26="","",'Глубина-день'!E26) -> 324 | E19: =IF('Глубина-день'!F26="","",'Глубина-день'!F26) | F19: =IF('Глубина-день'!G26="","",'Глубина-день'!G26) | G19: =IF('глубина-день'!#ref!="","",'глубина-день'!#ref!) -> #VALUE! | H19: =IF('Глубина-день'!H26="","",'Глубина-день'!H26) -> 80 | I19: =IF('Глубина-день'!I26="","",'Глубина-день'!I26) -> 0.5 | J19: =IF('Глубина-день'!J26="","",'Глубина-день'!J26) -> 45489.521 | K19: =IF('Глубина-день'!R26="","",'Глубина-день'!R26) -> 0.5 | L19: =IF('глубина-день'!#ref!="","",'глубина-день'!#ref!) -> #VALUE!
A20: =IF('Глубина-день'!A27="","",'Глубина-день'!A27) -> 8 | B20: =IF('Глубина-день'!B27="","",'Глубина-день'!B27) -> Крепление | C20: =IF('Глубина-день'!C27="","",'Глубина-день'!C27) -> Цементаж направления 324мм | D20: =IF('Глубина-день'!E27="","",'Глубина-день'!E27) -> 324 | E20: =IF('Глубина-день'!F27="","",'Глубина-день'!F27) | F20: =IF('Глубина-день'!G27="","",'Глубина-день'!G27) | G20: =IF('глубина-день'!#ref!="","",'глубина-день'!#ref!) -> #VALUE! | H20: =IF('Глубина-день'!H27="","",'Глубина-день'!H27) -> 80 | I20: =IF('Глубина-день'!I27="","",'Глубина-день'!I27) -> 1.5 | J20: =IF('Глубина-день'!J27="","",'Глубина-день'!J27) -> 45489.583 | K20: =IF('Глубина-день'!R27="","",'Глубина-день'!R27) -> 1.5 | L20: =IF('глубина-день'!#ref!="","",'глубина-день'!#ref!) -> #VALUE!
A21: =IF('глубина-день'!#ref!="","",'глубина-день'!#ref!) -> #VALUE! | B21: =IF('глубина-день'!#ref!="","",'глубина-день'!#ref!) -> #VALUE! | C21: =IF('глубина-день'!#ref!="","",'глубина-день'!#ref!) -> #VALUE! | D21: =IF('глубина-день'!#ref!="","",'глубина-день'!#ref!) -> #VALUE! | E21: =IF('глубина-день'!#ref!="","",'глубина-день'!#ref!) -> #VALUE! | F21: =IF('глубина-день'!#ref!="","",'глубина-день'!#ref!) -> #VALUE! | G21: =IF('глубина-день'!#ref!="","",'глубина-день'!#ref!) -> #VALUE! | H21: =IF('глубина-день'!#ref!="","",'глубина-день'!#ref!) -> #VALUE! | ... L21: =IF('глубина-день'!#ref!="","",'глубина-день'!#ref!) -> #VALUE!
A22: =IF('Глубина-день'!A30="","",'Глубина-день'!A30) -> 11 | B22: =IF('Глубина-день'!B30="","",'Глубина-день'!B30) -> КНБК | C22: =IF('Глубина-день'!C30="","",'Глубина-день'!C30) -> Сборка КНБК для бурения | D22: =IF('Глубина-день'!E30="","",'Глубина-день'!E30) -> 244.5 | E22: =IF('Глубина-день'!F30="","",'Глубина-день'!F30) | F22: =IF('Глубина-день'!G30="","",'Глубина-день'!G30) | G22: =IF('глубина-день'!#ref!="","",'глубина-день'!#ref!) -> #VALUE! | H22: =IF('Глубина-день'!H30="","",'Глубина-день'!H30) -> 80 | I22: =IF('Глубина-день'!I30="","",'Глубина-день'!I30) -> 3 | J22: =IF('Глубина-день'!J30="","",'Глубина-день'!J30) -> 45490.542 | K22: =IF('Глубина-день'!R30="","",'Глубина-день'!R30) -> 3 | L22: =IF('глубина-день'!#ref!="","",'глубина-день'!#ref!) -> #VALUE!
A23: =IF('Глубина-день'!A31="","",'Глубина-день'!A31) -> 12 | B23: =IF('Глубина-день'!B31="","",'Глубина-день'!B31) -> СПО | C23: =IF('Глубина-день'!C31="","",'Глубина-день'!C31) -> Cпуск КНБК со сборкой БИ с мостков | D23: =IF('Глубина-день'!E31="","",'Глубина-день'!E31) -> 244.5 | E23: =IF('Глубина-день'!F31="","",'Глубина-день'!F31) -> 0 | F23: =IF('Глубина-день'!G31="","",'Глубина-день'!G31) -> 80 | G23: =IF('глубина-день'!#ref!="","",'глубина-день'!#ref!) -> #VALUE! | H23: =IF('Глубина-день'!H31="","",'Глубина-день'!H31) -> 80 | I23: =IF('Глубина-день'!I31="","",'Глубина-день'!I31) -> 0.5 | J23: =IF('Глубина-день'!J31="","",'Глубина-день'!J31) -> 45490.562 | K23: =IF('Глубина-день'!R31="","",'Глубина-день'!R31) -> 0.5 | L23: =IF('глубина-день'!#ref!="","",'глубина-день'!#ref!) -> #VALUE!
A24: =IF('Глубина-день'!A32="","",'Глубина-день'!A32) -> 13 | B24: =IF('Глубина-день'!B32="","",'Глубина-день'!B32) -> Бурение | C24: =IF('Глубина-день'!C32="","",'Глубина-день'!C32) -> Разбурка оснастки (ЦКОД, цем.стакан, БК), замена раствора | D24: =IF('Глубина-день'!E32="","",'Глубина-день'!E32) -> 244.5 | E24: =IF('Глубина-день'!F32="","",'Глубина-день'!F32) -> 75 | F24: =IF('Глубина-день'!G32="","",'Глубина-день'!G32) -> 81 | G24: =IF('глубина-день'!#ref!="","",'глубина-день'!#ref!) -> #VALUE! | H24: =IF('Глубина-день'!H32="","",'Глубина-день'!H32) -> 81 | I24: =IF('Глубина-день'!I32="","",'Глубина-день'!I32) -> 1 | J24: =IF('Глубина-день'!J32="","",'Глубина-день'!J32) -> 45490.604 | K24: =IF('Глубина-день'!R32="","",'Глубина-день'!R32) -> 1 | L24: =IF('глубина-день'!#ref!="","",'глубина-день'!#ref!) -> #VALUE!
A25: =IF('Глубина-день'!A33="","",'Глубина-день'!A33) -> 14 | B25: =IF('Глубина-день'!B33="","",'Глубина-день'!B33) -> Вспомогательные работы | C25: =IF('Глубина-день'!C33="","",'Глубина-день'!C33) -> Чистка ЦСГО | D25: =IF('Глубина-день'!E33="","",'Глубина-день'!E33) -> 245 | E25: =IF('Глубина-день'!F33="","",'Глубина-день'!F33) | F25: =IF('Глубина-день'!G33="","",'Глубина-день'!G33) | G25: =IF('глубина-день'!#ref!="","",'глубина-день'!#ref!) -> #VALUE! | H25: =IF('Глубина-день'!H33="","",'Глубина-день'!H33) -> 81 | I25: =IF('Глубина-день'!I33="","",'Глубина-день'!I33) -> 1 | J25: =IF('Глубина-день'!J33="","",'Глубина-день'!J33) -> 45490.646 | K25: =IF('Глубина-день'!R33="","",'Глубина-день'!R33) -> 1 | L25: =IF('глубина-день'!#ref!="","",'глубина-день'!#ref!) -> #VALUE!
A26: =IF('Глубина-день'!A34="","",'Глубина-день'!A34) -> 15 | B26: =IF('Глубина-день'!B34="","",'Глубина-день'!B34) -> Бурение | C26: =IF('Глубина-день'!C34="","",'Глубина-день'!C34) -> Бурение под кондуктор (наращивание с мостков) | D26: =IF('Глубина-день'!E34="","",'Глубина-день'!E34) -> 245 | E26: =IF('Глубина-день'!F34="","",'Глубина-день'!F34) -> 81 | F26: =IF('Глубина-день'!G34="","",'Глубина-день'!G34) -> 1500 | G26: =IF('глубина-день'!#ref!="","",'глубина-день'!#ref!) -> #VALUE! | H26: =IF('Глубина-день'!H34="","",'Глубина-день'!H34) -> 1500 | I26: =IF('Глубина-день'!I34="","",'Глубина-день'!I34) -> 45 | J26: =IF('Глубина-день'!J34="","",'Глубина-день'!J34) -> 45492.521 | K26: =IF('Глубина-день'!R34="","",'Глубина-день'!R34) -> 45 | L26: =IF('глубина-день'!#ref!="","",'глубина-день'!#ref!) -> #VALUE!
A27: =IF('Глубина-день'!A35="","",'Глубина-день'!A35) -> 16 | B27: =IF('Глубина-день'!B35="","",'Глубина-день'!B35) -> Циркуляция и Обработка БР | C27: =IF('Глубина-день'!C35="","",'Глубина-день'!C35) -> Промывка на забое, продувка | D27: =IF('Глубина-день'!E35="","",'Глубина-день'!E35) -> 245 | E27: =IF('Глубина-день'!F35="","",'Глубина-день'!F35) | F27: =IF('Глубина-день'!G35="","",'Глубина-день'!G35) | G27: =IF('глубина-день'!#ref!="","",'глубина-день'!#ref!) -> #VALUE! | H27: =IF('Глубина-день'!H35="","",'Глубина-день'!H35) -> 1500 | I27: =IF('Глубина-день'!I35="","",'Глубина-день'!I35) -> 2 | J27: =IF('Глубина-день'!J35="","",'Глубина-день'!J35) -> 45492.604 | K27: =IF('Глубина-день'!R35="","",'Глубина-день'!R35) -> 2 | L27: =IF('глубина-день'!#ref!="","",'глубина-день'!#ref!) -> #VALUE!
A28: =IF('Глубина-день'!A36="","",'Глубина-день'!A36) -> 17 | B28: =IF('Глубина-день'!B36="","",'Глубина-день'!B36) -> СПО | C28: =IF('Глубина-день'!C36="","",'Глубина-день'!C36) -> Шаблонирование подъём КНБК | D28: =IF('Глубина-день'!E36="","",'Глубина-день'!E36) -> 245 | E28: =IF('Глубина-день'!F36="","",'Глубина-день'!F36) -> 1500 | F28: =IF('Глубина-день'!G36="","",'Глубина-день'!G36) -> 80 | G28: =IF('глубина-день'!#ref!="","",'глубина-день'!#ref!) -> #VALUE! | H28: =IF('Глубина-день'!H36="","",'Глубина-день'!H36) -> 1500 | I28: =IF('Глубина-день'!I36="","",'Глубина-день'!I36) -> 8 | J28: =IF('Глубина-день'!J36="","",'Глубина-день'!J36) -> 45492.938 | K28: =IF('Глубина-день'!R36="","",'Глубина-день'!R36) -> 8 | L28: =IF('глубина-день'!#ref!="","",'глубина-день'!#ref!) -> #VALUE!
A29: =IF('Глубина-день'!A37="","",'Глубина-день'!A37) -> 18 | B29: =IF('Глубина-день'!B37="","",'Глубина-день'!B37) -> СПО | C29: =IF('Глубина-день'!C37="","",'Глубина-день'!C37) -> Шаблонирование спуск КНБК | D29: =IF('Глубина-день'!E37="","",'Глубина-день'!E37) -> 245 | E29: =IF('Глубина-день'!F37="","",'Глубина-день'!F37) -> 80 | F29: =IF('Глубина-день'!G37="","",'Глубина-день'!G37) -> 1500 | G29: =IF('глубина-день'!#ref!="","",'глубина-день'!#ref!) -> #VALUE! | H29: =IF('Глубина-день'!H37="","",'Глубина-день'!H37) -> 1500 | I29: =IF('Глубина-день'!I37="","",'Глубина-день'!I37) -> 7 | J29: =IF('Глубина-день'!J37="","",'Глубина-день'!J37) -> 45493.229 | K29: =IF('Глубина-день'!R37="","",'Глубина-день'!R37) -> 7 | L29: =IF('глубина-день'!#ref!="","",'глубина-день'!#ref!) -> #VALUE!
A30: =IF('Глубина-день'!A38="","",'Глубина-день'!A38) -> 19 | B30: =IF('Глубина-день'!B38="","",'Глубина-день'!B38) -> Циркуляция и Обработка БР | C30: =IF('Глубина-день'!C38="","",'Глубина-день'!C38) -> Промывка на забое,продувка | D30: =IF('Глубина-день'!E38="","",'Глубина-день'!E38) -> 245 | E30: =IF('Глубина-день'!F38="","",'Глубина-день'!F38) | F30: =IF('Глубина-день'!G38="","",'Глубина-день'!G38) | G30: =IF('глубина-день'!#ref!="","",'глубина-день'!#ref!) -> #VALUE! | H30: =IF('Глубина-день'!H38="","",'Глубина-день'!H38) -> 1500 | I30: =IF('Глубина-день'!I38="","",'Глубина-день'!I38) -> 2 | J30: =IF('Глубина-день'!J38="","",'Глубина-день'!J38) -> 45493.312 | K30: =IF('Глубина-день'!R38="","",'Глубина-день'!R38) -> 2 | L30: =IF('глубина-день'!#ref!="","",'глубина-день'!#ref!) -> #VALUE!
A31: =IF('Глубина-день'!A39="","",'Глубина-день'!A39) -> 20 | B31: =IF('Глубина-день'!B39="","",'Глубина-день'!B39) -> СПО | C31: =IF('Глубина-день'!C39="","",'Глубина-день'!C39) -> Подъём КНБК | D31: =IF('Глубина-день'!E39="","",'Глубина-день'!E39) -> 245 | E31: =IF('Глубина-день'!F39="","",'Глубина-день'!F39) -> 1500 | F31: =IF('Глубина-день'!G39="","",'Глубина-день'!G39) -> 0 | G31: =IF('глубина-день'!#ref!="","",'глубина-день'!#ref!) -> #VALUE! | H31: =IF('Глубина-день'!H39="","",'Глубина-день'!H39) -> 1500 | I31: =IF('Глубина-день'!I39="","",'Глубина-день'!I39) -> 7 | J31: =IF('Глубина-день'!J39="","",'Глубина-день'!J39) -> 45493.604 | K31: =IF('Глубина-день'!R39="","",'Глубина-день'!R39) -> 7 | L31: =IF('глубина-день'!#ref!="","",'глубина-день'!#ref!) -> #VALUE!
A32: =IF('Глубина-день'!A40="","",'Глубина-день'!A40) -> 21 | B32: =IF('Глубина-день'!B40="","",'Глубина-день'!B40) -> КНБК | C32: =IF('Глубина-день'!C40="","",'Глубина-день'!C40) -> Разборка КНБК с телесистемой | D32: =IF('Глубина-день'!E40="","",'Глубина-день'!E40) -> 245 | E32: =IF('Глубина-день'!F40="","",'Глубина-день'!F40) | F32: =IF('Глубина-день'!G40="","",'Глубина-день'!G40) | G32: =IF('глубина-день'!#ref!="","",'глубина-день'!#ref!) -> #VALUE! | H32: =IF('Глубина-день'!H40="","",'Глубина-день'!H40) -> 1500 | I32: =IF('Глубина-день'!I40="","",'Глубина-день'!I40) -> 3 | J32: =IF('Глубина-день'!J40="","",'Глубина-день'!J40) -> 45493.729 | K32: =IF('Глубина-день'!R40="","",'Глубина-день'!R40) -> 3 | L32: =IF('глубина-день'!#ref!="","",'глубина-день'!#ref!) -> #VALUE!
A33: =IF('Глубина-день'!A41="","",'Глубина-день'!A41) -> 22 | B33: =IF('Глубина-день'!B41="","",'Глубина-день'!B41) -> Подготовительные работы | C33: =IF('Глубина-день'!C41="","",'Глубина-день'!C41) -> ПЗР к спуску ОК 245мм | D33: =IF('Глубина-день'!E41="","",'Глубина-день'!E41) -> 245 | E33: =IF('Глубина-день'!F41="","",'Глубина-день'!F41) | F33: =IF('Глубина-день'!G41="","",'Глубина-день'!G41) | G33: =IF('глубина-день'!#ref!="","",'глубина-день'!#ref!) -> #VALUE! | H33: =IF('Глубина-день'!H41="","",'Глубина-день'!H41) -> 1500 | I33: =IF('Глубина-день'!I41="","",'Глубина-день'!I41) -> 1 | J33: =IF('Глубина-день'!J41="","",'Глубина-день'!J41) -> 45493.771 | K33: =IF('Глубина-день'!R41="","",'Глубина-день'!R41) -> 1 | L33: =IF('глубина-день'!#ref!="","",'глубина-день'!#ref!) -> #VALUE!
... A35: =IF('Глубина-день'!A43="","",'Глубина-день'!A43) -> 24 | B35: =IF('Глубина-день'!B43="","",'Глубина-день'!B43) -> Циркуляция и Обработка БР | C35: =IF('Глубина-день'!C43="","",'Глубина-день'!C43) -> Промывка перед цементажем | D35: =IF('Глубина-день'!E43="","",'Глубина-день'!E43) -> 245 | E35: =IF('Глубина-день'!F43="","",'Глубина-день'!F43) | F35: =IF('Глубина-день'!G43="","",'Глубина-день'!G43) | G35: =IF('глубина-день'!#ref!="","",'глубина-день'!#ref!) -> #VALUE! | H35: =IF('Глубина-день'!H43="","",'Глубина-день'!H43) -> 1500 | I35: =IF('Глубина-день'!I43="","",'Глубина-день'!I43) -> 2 | J35: =IF('Глубина-день'!J43="","",'Глубина-день'!J43) -> 45494.396 | K35: =IF('Глубина-день'!R43="","",'Глубина-день'!R43) -> 2 | L35: =IF('глубина-день'!#ref!="","",'глубина-день'!#ref!) -> #VALUE!
A36: =IF('Глубина-день'!A45="","",'Глубина-день'!A45) -> 26 | B36: =IF('Глубина-день'!B45="","",'Глубина-день'!B45) -> Вспомогательные работы | C36: =IF('Глубина-день'!C45="","",'Глубина-день'!C45) -> Монтаж ОУС,Вывоз БР | D36: =IF('Глубина-день'!E45="","",'Глубина-день'!E45) -> 245 | E36: =IF('Глубина-день'!F45="","",'Глубина-день'!F45) | F36: =IF('Глубина-день'!G45="","",'Глубина-день'!G45) | G36: =IF('глубина-день'!#ref!="","",'глубина-день'!#ref!) -> #VALUE! | H36: =IF('Глубина-день'!H45="","",'Глубина-день'!H45) -> 1500 | I36: =IF('Глубина-день'!I45="","",'Глубина-день'!I45) -> 2 | J36: =IF('Глубина-день'!J45="","",'Глубина-день'!J45) -> 45494.604 | K36: =IF('Глубина-день'!R45="","",'Глубина-день'!R45) -> 2 | L36: =IF('глубина-день'!#ref!="","",'глубина-день'!#ref!) -> #VALUE!
A37: =IF('глубина-день'!#ref!="","",'глубина-день'!#ref!) -> #VALUE! | B37: =IF('глубина-день'!#ref!="","",'глубина-день'!#ref!) -> #VALUE! | C37: =IF('глубина-день'!#ref!="","",'глубина-день'!#ref!) -> #VALUE! | D37: =IF('глубина-день'!#ref!="","",'глубина-день'!#ref!) -> #VALUE! | E37: =IF('глубина-день'!#ref!="","",'глубина-день'!#ref!) -> #VALUE! | F37: =IF('глубина-день'!#ref!="","",'глубина-день'!#ref!) -> #VALUE! | G37: =IF('глубина-день'!#ref!="","",'глубина-день'!#ref!) -> #VALUE! | H37: =IF('глубина-день'!#ref!="","",'глубина-день'!#ref!) -> #VALUE! | ... L37: =IF('глубина-день'!#ref!="","",'глубина-день'!#ref!) -> #VALUE!
A38: =IF('глубина-день'!#ref!="","",'глубина-день'!#ref!) -> #VALUE! | B38: =IF('глубина-день'!#ref!="","",'глубина-день'!#ref!) -> #VALUE! | C38: =IF('глубина-день'!#ref!="","",'глубина-день'!#ref!) -> #VALUE! | D38: =IF('глубина-день'!#ref!="","",'глубина-день'!#ref!) -> #VALUE! | E38: =IF('глубина-день'!#ref!="","",'глубина-день'!#ref!) -> #VALUE! | F38: =IF('глубина-день'!#ref!="","",'глубина-день'!#ref!) -> #VALUE! | G38: =IF('глубина-день'!#ref!="","",'глубина-день'!#ref!) -> #VALUE! | H38: =IF('глубина-день'!#ref!="","",'глубина-день'!#ref!) -> #VALUE! | ... L38: =IF('глубина-день'!#ref!="","",'глубина-день'!#ref!) -> #VALUE!
A39: =IF('Глубина-день'!A46="","",'Глубина-день'!A46) -> 27 | B39: =IF('Глубина-день'!B46="","",'Глубина-день'!B46) -> Вспомогательные работы | C39: =IF('Глубина-день'!C46="","",'Глубина-день'!C46) -> Монтаж ПВО, монтаж разрезной воронки и устьевого желоба | D39: =IF('Глубина-день'!E46="","",'Глубина-день'!E46) -> 245 | E39: =IF('Глубина-день'!F46="","",'Глубина-день'!F46) | F39: =IF('Глубина-день'!G46="","",'Глубина-день'!G46) | G39: =IF('глубина-день'!#ref!="","",'глубина-день'!#ref!) -> #VALUE! | H39: =IF('Глубина-день'!H46="","",'Глубина-день'!H46) -> 1500 | I39: =IF('Глубина-день'!I46="","",'Глубина-день'!I46) -> 6 | J39: =IF('Глубина-день'!J46="","",'Глубина-день'!J46) -> 45494.854 | K39: =IF('Глубина-день'!R46="","",'Глубина-день'!R46) -> 6 | L39: =IF('глубина-день'!#ref!="","",'глубина-день'!#ref!) -> #VALUE!
A40: =IF('глубина-день'!#ref!="","",'глубина-день'!#ref!) -> #VALUE! | B40: =IF('глубина-день'!#ref!="","",'глубина-день'!#ref!) -> #VALUE! | C40: =IF('глубина-день'!#ref!="","",'глубина-день'!#ref!) -> #VALUE! | D40: =IF('глубина-день'!#ref!="","",'глубина-день'!#ref!) -> #VALUE! | E40: =IF('глубина-день'!#ref!="","",'глубина-день'!#ref!) -> #VALUE! | F40: =IF('глубина-день'!#ref!="","",'глубина-день'!#ref!) -> #VALUE! | G40: =IF('глубина-день'!#ref!="","",'глубина-день'!#ref!) -> #VALUE! | H40: =IF('глубина-день'!#ref!="","",'глубина-день'!#ref!) -> #VALUE! | ... L40: =IF('глубина-день'!#ref!="","",'глубина-день'!#ref!) -> #VALUE!
A41: =IF('глубина-день'!#ref!="","",'глубина-день'!#ref!) -> #VALUE! | B41: =IF('глубина-день'!#ref!="","",'глубина-день'!#ref!) -> #VALUE! | C41: =IF('глубина-день'!#ref!="","",'глубина-день'!#ref!) -> #VALUE! | D41: =IF('глубина-день'!#ref!="","",'глубина-день'!#ref!) -> #VALUE! | E41: =IF('глубина-день'!#ref!="","",'глубина-день'!#ref!) -> #VALUE! | F41: =IF('глубина-день'!#ref!="","",'глубина-день'!#ref!) -> #VALUE! | G41: =IF('глубина-день'!#ref!="","",'глубина-день'!#ref!) -> #VALUE! | H41: =IF('глубина-день'!#ref!="","",'глубина-день'!#ref!) -> #VALUE! | ... L41: =IF('глубина-день'!#ref!="","",'глубина-день'!#ref!) -> #VALUE!
A42: =IF('глубина-день'!#ref!="","",'глубина-день'!#ref!) -> #VALUE! | B42: =IF('глубина-день'!#ref!="","",'глубина-день'!#ref!) -> #VALUE! | C42: =IF('глубина-день'!#ref!="","",'глубина-день'!#ref!) -> #VALUE! | D42: =IF('глубина-день'!#ref!="","",'глубина-день'!#ref!) -> #VALUE! | E42: =IF('глубина-день'!#ref!="","",'глубина-день'!#ref!) -> #VALUE! | F42: =IF('глубина-день'!#ref!="","",'глубина-день'!#ref!) -> #VALUE! | G42: =IF('глубина-день'!#ref!="","",'глубина-день'!#ref!) -> #VALUE! | H42: =IF('глубина-день'!#ref!="","",'глубина-день'!#ref!) -> #VALUE! | ... L42: =IF('глубина-день'!#ref!="","",'глубина-день'!#ref!) -> #VALUE!
A43: =IF('глубина-день'!#ref!="","",'глубина-день'!#ref!) -> #VALUE! | B43: =IF('глубина-день'!#ref!="","",'глубина-день'!#ref!) -> #VALUE! | C43: =IF('глубина-день'!#ref!="","",'глубина-день'!#ref!) -> #VALUE! | D43: =IF('глубина-день'!#ref!="","",'глубина-день'!#ref!) -> #VALUE! | E43: =IF('глубина-день'!#ref!="","",'глубина-день'!#ref!) -> #VALUE! | F43: =IF('глубина-день'!#ref!="","",'глубина-день'!#ref!) -> #VALUE! | G43: =IF('глубина-день'!#ref!="","",'глубина-день'!#ref!) -> #VALUE! | H43: =IF('глубина-день'!#ref!="","",'глубина-день'!#ref!) -> #VALUE! | ... L43: =IF('глубина-день'!#ref!="","",'глубина-день'!#ref!) -> #VALUE!
A44: =IF('глубина-день'!#ref!="","",'глубина-день'!#ref!) -> #VALUE! | B44: =IF('глубина-день'!#ref!="","",'глубина-день'!#ref!) -> #VALUE! | C44: =IF('глубина-день'!#ref!="","",'глубина-день'!#ref!) -> #VALUE! | D44: =IF('глубина-день'!#ref!="","",'глубина-день'!#ref!) -> #VALUE! | E44: =IF('глубина-день'!#ref!="","",'глубина-день'!#ref!) -> #VALUE! | F44: =IF('глубина-день'!#ref!="","",'глубина-день'!#ref!) -> #VALUE! | G44: =IF('глубина-день'!#ref!="","",'глубина-день'!#ref!) -> #VALUE! | H44: =IF('глубина-день'!#ref!="","",'глубина-день'!#ref!) -> #VALUE! | ... L44: =IF('глубина-день'!#ref!="","",'глубина-день'!#ref!) -> #VALUE!
A45: =IF('глубина-день'!#ref!="","",'глубина-день'!#ref!) -> #VALUE! | B45: =IF('глубина-день'!#ref!="","",'глубина-день'!#ref!) -> #VALUE! | C45: =IF('глубина-день'!#ref!="","",'глубина-день'!#ref!) -> #VALUE! | D45: =IF('глубина-день'!#ref!="","",'глубина-день'!#ref!) -> #VALUE! | E45: =IF('глубина-день'!#ref!="","",'глубина-день'!#ref!) -> #VALUE! | F45: =IF('глубина-день'!#ref!="","",'глубина-день'!#ref!) -> #VALUE! | G45: =IF('глубина-день'!#ref!="","",'глубина-день'!#ref!) -> #VALUE! | H45: =IF('глубина-день'!#ref!="","",'глубина-день'!#ref!) -> #VALUE! | ... L45: =IF('глубина-день'!#ref!="","",'глубина-день'!#ref!) -> #VALUE!
A46: =IF('глубина-день'!#ref!="","",'глубина-день'!#ref!) -> #VALUE! | B46: =IF('глубина-день'!#ref!="","",'глубина-день'!#ref!) -> #VALUE! | C46: =IF('глубина-день'!#ref!="","",'глубина-день'!#ref!) -> #VALUE! | D46: =IF('глубина-день'!#ref!="","",'глубина-день'!#ref!) -> #VALUE! | E46: =IF('глубина-день'!#ref!="","",'глубина-день'!#ref!) -> #VALUE! | F46: =IF('глубина-день'!#ref!="","",'глубина-день'!#ref!) -> #VALUE! | G46: =IF('глубина-день'!#ref!="","",'глубина-день'!#ref!) -> #VALUE! | H46: =IF('глубина-день'!#ref!="","",'глубина-день'!#ref!) -> #VALUE! | ... L46: =IF('глубина-день'!#ref!="","",'глубина-день'!#ref!) -> #VALUE!
A47: =IF('глубина-день'!#ref!="","",'глубина-день'!#ref!) -> #VALUE! | B47: =IF('глубина-день'!#ref!="","",'глубина-день'!#ref!) -> #VALUE! | C47: =IF('глубина-день'!#ref!="","",'глубина-день'!#ref!) -> #VALUE! | D47: =IF('глубина-день'!#ref!="","",'глубина-день'!#ref!) -> #VALUE! | E47: =IF('глубина-день'!#ref!="","",'глубина-день'!#ref!) -> #VALUE! | F47: =IF('глубина-день'!#ref!="","",'глубина-день'!#ref!) -> #VALUE! | G47: =IF('глубина-день'!#ref!="","",'глубина-день'!#ref!) -> #VALUE! | H47: =IF('глубина-день'!#ref!="","",'глубина-день'!#ref!) -> #VALUE! | ... L47: =IF('глубина-день'!#ref!="","",'глубина-день'!#ref!) -> #VALUE!
A48: =IF('глубина-день'!#ref!="","",'глубина-день'!#ref!) -> #VALUE! | B48: =IF('глубина-день'!#ref!="","",'глубина-день'!#ref!) -> #VALUE! | C48: =IF('глубина-день'!#ref!="","",'глубина-день'!#ref!) -> #VALUE! | D48: =IF('глубина-день'!#ref!="","",'глубина-день'!#ref!) -> #VALUE! | E48: =IF('глубина-день'!#ref!="","",'глубина-день'!#ref!) -> #VALUE! | F48: =IF('глубина-день'!#ref!="","",'глубина-день'!#ref!) -> #VALUE! | G48: =IF('глубина-день'!#ref!="","",'глубина-день'!#ref!) -> #VALUE! | H48: =IF('глубина-день'!#ref!="","",'глубина-день'!#ref!) -> #VALUE! | ... L48: =IF('глубина-день'!#ref!="","",'глубина-день'!#ref!) -> #VALUE!
A49: =IF('глубина-день'!#ref!="","",'глубина-день'!#ref!) -> #VALUE! | B49: =IF('глубина-день'!#ref!="","",'глубина-день'!#ref!) -> #VALUE! | C49: =IF('глубина-день'!#ref!="","",'глубина-день'!#ref!) -> #VALUE! | D49: =IF('глубина-день'!#ref!="","",'глубина-день'!#ref!) -> #VALUE! | E49: =IF('глубина-день'!#ref!="","",'глубина-день'!#ref!) -> #VALUE! | F49: =IF('глубина-день'!#ref!="","",'глубина-день'!#ref!) -> #VALUE! | G49: =IF('глубина-день'!#ref!="","",'глубина-день'!#ref!) -> #VALUE! | H49: =IF('глубина-день'!#ref!="","",'глубина-день'!#ref!) -> #VALUE! | ... L49: =IF('глубина-день'!#ref!="","",'глубина-день'!#ref!) -> #VALUE!
A50: =IF('Глубина-день'!A61="","",'Глубина-день'!A61) -> 42 | B50: =IF('Глубина-день'!B61="","",'Глубина-день'!B61) -> Вспомогательные работы | C50: =IF('Глубина-день'!C61="","",'Глубина-день'!C61) -> ПЗР к спуску ОК-178мм. | D50: =IF('Глубина-день'!E61="","",'Глубина-день'!E61) -> 178 | E50: =IF('Глубина-день'!F61="","",'Глубина-день'!F61) | F50: =IF('Глубина-день'!G61="","",'Глубина-день'!G61) | G50: =IF('глубина-день'!#ref!="","",'глубина-день'!#ref!) -> #VALUE! | H50: =IF('Глубина-день'!H61="","",'Глубина-день'!H61) -> 3286 | I50: =IF('Глубина-день'!I61="","",'Глубина-день'!I61) -> 1 | J50: =IF('Глубина-день'!J61="","",'Глубина-день'!J61) -> 45500.708 | K50: =IF('Глубина-день'!R61="","",'Глубина-день'!R61) -> 1 | L50: =IF('глубина-день'!#ref!="","",'глубина-день'!#ref!) -> #VALUE!
A51: =IF('глубина-день'!#ref!="","",'глубина-день'!#ref!) -> #VALUE! | B51: =IF('глубина-день'!#ref!="","",'глубина-день'!#ref!) -> #VALUE! | C51: =IF('глубина-день'!#ref!="","",'глубина-день'!#ref!) -> #VALUE! | D51: =IF('глубина-день'!#ref!="","",'глубина-день'!#ref!) -> #VALUE! | E51: =IF('глубина-день'!#ref!="","",'глубина-день'!#ref!) -> #VALUE! | F51: =IF('глубина-день'!#ref!="","",'глубина-день'!#ref!) -> #VALUE! | G51: =IF('глубина-день'!#ref!="","",'глубина-день'!#ref!) -> #VALUE! | H51: =IF('глубина-день'!#ref!="","",'глубина-день'!#ref!) -> #VALUE! | ... L51: =IF('глубина-день'!#ref!="","",'глубина-день'!#ref!) -> #VALUE!
A52: =IF('глубина-день'!#ref!="","",'глубина-день'!#ref!) -> #VALUE! | B52: =IF('глубина-день'!#ref!="","",'глубина-день'!#ref!) -> #VALUE! | C52: =IF('глубина-день'!#ref!="","",'глубина-день'!#ref!) -> #VALUE! | D52: =IF('глубина-день'!#ref!="","",'глубина-день'!#ref!) -> #VALUE! | E52: =IF('глубина-день'!#ref!="","",'глубина-день'!#ref!) -> #VALUE! | F52: =IF('глубина-день'!#ref!="","",'глубина-день'!#ref!) -> #VALUE! | G52: =IF('глубина-день'!#ref!="","",'глубина-день'!#ref!) -> #VALUE! | H52: =IF('глубина-день'!#ref!="","",'глубина-день'!#ref!) -> #VALUE! | ... L52: =IF('глубина-день'!#ref!="","",'глубина-день'!#ref!) -> #VALUE!
A53: =IF('глубина-день'!#ref!="","",'глубина-день'!#ref!) -> #VALUE! | B53: =IF('глубина-день'!#ref!="","",'глубина-день'!#ref!) -> #VALUE! | C53: =IF('глубина-день'!#ref!="","",'глубина-день'!#ref!) -> #VALUE! | D53: =IF('глубина-день'!#ref!="","",'глубина-день'!#ref!) -> #VALUE! | E53: =IF('глубина-день'!#ref!="","",'глубина-день'!#ref!) -> #VALUE! | F53: =IF('глубина-день'!#ref!="","",'глубина-день'!#ref!) -> #VALUE! | G53: =IF('глубина-день'!#ref!="","",'глубина-день'!#ref!) -> #VALUE! | H53: =IF('глубина-день'!#ref!="","",'глубина-день'!#ref!) -> #VALUE! | ... L53: =IF('глубина-день'!#ref!="","",'глубина-день'!#ref!) -> #VALUE!
A54: =IF('глубина-день'!#ref!="","",'глубина-день'!#ref!) -> #VALUE! | B54: =IF('глубина-день'!#ref!="","",'глубина-день'!#ref!) -> #VALUE! | C54: =IF('глубина-день'!#ref!="","",'глубина-день'!#ref!) -> #VALUE! | D54: =IF('глубина-день'!#ref!="","",'глубина-день'!#ref!) -> #VALUE! | E54: =IF('глубина-день'!#ref!="","",'глубина-день'!#ref!) -> #VALUE! | F54: =IF('глубина-день'!#ref!="","",'глубина-день'!#ref!) -> #VALUE! | G54: =IF('глубина-день'!#ref!="","",'глубина-день'!#ref!) -> #VALUE! | H54: =IF('глубина-день'!#ref!="","",'глубина-день'!#ref!) -> #VALUE! | ... L54: =IF('глубина-день'!#ref!="","",'глубина-день'!#ref!) -> #VALUE!
A55: =IF('глубина-день'!#ref!="","",'глубина-день'!#ref!) -> #VALUE! | B55: =IF('глубина-день'!#ref!="","",'глубина-день'!#ref!) -> #VALUE! | C55: =IF('глубина-день'!#ref!="","",'глубина-день'!#ref!) -> #VALUE! | D55: =IF('глубина-день'!#ref!="","",'глубина-день'!#ref!) -> #VALUE! | E55: =IF('глубина-день'!#ref!="","",'глубина-день'!#ref!) -> #VALUE! | F55: =IF('глубина-день'!#ref!="","",'глубина-день'!#ref!) -> #VALUE! | G55: =IF('глубина-день'!#ref!="","",'глубина-день'!#ref!) -> #VALUE! | H55: =IF('глубина-день'!#ref!="","",'глубина-день'!#ref!) -> #VALUE! | ... L55: =IF('глубина-день'!#ref!="","",'глубина-день'!#ref!) -> #VALUE!
A56: =IF('Глубина-день'!A62="","",'Глубина-день'!A62) -> 43 | B56: =IF('Глубина-день'!B62="","",'Глубина-день'!B62) -> Крепление | C56: =IF('Глубина-день'!C62="","",'Глубина-день'!C62) -> Спуск ОК 178 мм с промежуточными промывками | D56: =IF('Глубина-день'!E62="","",'Глубина-день'!E62) -> 178 | E56: =IF('Глубина-день'!F62="","",'Глубина-день'!F62) -> 0 | F56: =IF('Глубина-день'!G62="","",'Глубина-день'!G62) -> 3300 | G56: =IF('глубина-день'!#ref!="","",'глубина-день'!#ref!) -> #VALUE! | H56: =IF('Глубина-день'!H62="","",'Глубина-день'!H62) -> 3286 | I56: =IF('Глубина-день'!I62="","",'Глубина-день'!I62) -> 19 | J56: =IF('Глубина-день'!J62="","",'Глубина-день'!J62) -> 45501.5 | K56: =IF('Глубина-день'!R62="","",'Глубина-день'!R62) -> 19 | L56: =IF('глубина-день'!#ref!="","",'глубина-день'!#ref!) -> #VALUE!
A57: =IF('Глубина-день'!A63="","",'Глубина-день'!A63) -> 44 | B57: =IF('Глубина-день'!B63="","",'Глубина-день'!B63) -> Циркуляция и Обработка БР | C57: =IF('Глубина-день'!C63="","",'Глубина-день'!C63) -> Промывка перед цементированием ОК-178мм | D57: =IF('Глубина-день'!E63="","",'Глубина-день'!E63) -> 178 | E57: =IF('Глубина-день'!F63="","",'Глубина-день'!F63) | F57: =IF('Глубина-день'!G63="","",'Глубина-день'!G63) | G57: =IF('глубина-день'!#ref!="","",'глубина-день'!#ref!) -> #VALUE! | H57: =IF('Глубина-день'!H63="","",'Глубина-день'!H63) -> 3286 | I57: =IF('Глубина-день'!I63="","",'Глубина-день'!I63) -> 3 | J57: =IF('Глубина-день'!J63="","",'Глубина-день'!J63) -> 45501.625 | K57: =IF('Глубина-день'!R63="","",'Глубина-день'!R63) -> 3 | L57: =IF('глубина-день'!#ref!="","",'глубина-день'!#ref!) -> #VALUE!
A58: =IF('Глубина-день'!A64="","",'Глубина-день'!A64) -> 45 | B58: =IF('Глубина-день'!B64="","",'Глубина-день'!B64) -> Крепление | C58: =IF('Глубина-день'!C64="","",'Глубина-день'!C64) -> Цементирование ОК-178мм | D58: =IF('Глубина-день'!E64="","",'Глубина-день'!E64) -> 178 | E58: =IF('Глубина-день'!F64="","",'Глубина-день'!F64) | F58: =IF('Глубина-день'!G64="","",'Глубина-день'!G64) | G58: =IF('глубина-день'!#ref!="","",'глубина-день'!#ref!) -> #VALUE! | H58: =IF('Глубина-день'!H64="","",'Глубина-день'!H64) -> 3286 | I58: =IF('Глубина-день'!I64="","",'Глубина-день'!I64) -> 3 | J58: =IF('Глубина-день'!J64="","",'Глубина-день'!J64) -> 45501.75 | K58: =IF('Глубина-день'!R64="","",'Глубина-день'!R64) -> 3 | L58: =IF('глубина-день'!#ref!="","",'глубина-день'!#ref!) -> #VALUE!
A59: =IF('Глубина-день'!A65="","",'Глубина-день'!A65) -> 46 | B59: =IF('Глубина-день'!B65="","",'Глубина-день'!B65) -> ПВО/Вспомогательные работы | C59: =IF('Глубина-день'!C65="","",'Глубина-день'!C65) -> Демонтаж ПВО/Чистка емкостей, вывоз БР, заготовка БР. выброс БИ | D59: =IF('Глубина-день'!E65="","",'Глубина-день'!E65) -> 178 | E59: =IF('Глубина-день'!F65="","",'Глубина-день'!F65) | F59: =IF('Глубина-день'!G65="","",'Глубина-день'!G65) | G59: =IF('глубина-день'!#ref!="","",'глубина-день'!#ref!) -> #VALUE! | H59: =IF('Глубина-день'!H65="","",'Глубина-день'!H65) -> 3286 | I59: =IF('Глубина-день'!I65="","",'Глубина-день'!I65) -> 26 | J59: =IF('Глубина-день'!J65="","",'Глубина-день'!J65) -> 45502.833 | K59: =IF('Глубина-день'!R65="","",'Глубина-день'!R65) -> 26 | L59: =IF('глубина-день'!#ref!="","",'глубина-день'!#ref!) -> #VALUE!
A60: =IF('Глубина-день'!A66="","",'Глубина-день'!A66) -> 47 | B60: =IF('Глубина-день'!B66="","",'Глубина-день'!B66) -> Вспомогательные работы | C60: =IF('Глубина-день'!C66="","",'Глубина-день'!C66) -> Монтаж ПВО повторный (смена плашек ПВО), ЗБР, чистка емкостей, вывоз БР, | D60: =IF('Глубина-день'!E66="","",'Глубина-день'!E66) -> 178 | E60: =IF('Глубина-день'!F66="","",'Глубина-день'!F66) | F60: =IF('Глубина-день'!G66="","",'Глубина-день'!G66) | G60: =IF('глубина-день'!#ref!="","",'глубина-день'!#ref!) -> #VALUE! | H60: =IF('Глубина-день'!H66="","",'Глубина-день'!H66) -> 3286 | I60: =IF('Глубина-день'!I66="","",'Глубина-день'!I66) -> 6 | J60: =IF('Глубина-день'!J66="","",'Глубина-день'!J66) -> 45503.083 | K60: =IF('Глубина-день'!R66="","",'Глубина-день'!R66) -> 6 | L60: =IF('глубина-день'!#ref!="","",'глубина-день'!#ref!) -> #VALUE!
A61: =IF('Глубина-день'!A67="","",'Глубина-день'!A67) -> 48 | B61: =IF('Глубина-день'!B67="","",'Глубина-день'!B67) -> Опрессовка/Вспомогательные работы | C61: =IF('Глубина-день'!C67="","",'Глубина-день'!C67) -> Опрессовка ПВО, (глухие) / Сборка БИ-102 (1250м) с мостков.Установка на подсвечник. Заготовка БР | D61: =IF('Глубина-день'!E67="","",'Глубина-день'!E67) -> 178 | E61: =IF('Глубина-день'!F67="","",'Глубина-день'!F67) -> 1000 | F61: =IF('Глубина-день'!G67="","",'Глубина-день'!G67) -> 0 | G61: =IF('глубина-день'!#ref!="","",'глубина-день'!#ref!) -> #VALUE! | H61: =IF('Глубина-день'!H67="","",'Глубина-день'!H67) -> 3286 | I61: =IF('Глубина-день'!I67="","",'Глубина-день'!I67) -> 12 | J61: =IF('Глубина-день'!J67="","",'Глубина-день'!J67) -> 45503.583 | K61: =IF('Глубина-день'!R67="","",'Глубина-день'!R67) -> 12 | L61: =IF('глубина-день'!#ref!="","",'глубина-день'!#ref!) -> #VALUE!
A62: =IF('Глубина-день'!A68="","",'Глубина-день'!A68) -> 49 | B62: =IF('Глубина-день'!B68="","",'Глубина-день'!B68) -> Вспомогательные работы | C62: =IF('Глубина-день'!C68="","",'Глубина-день'!C68) -> Перетяжка талевого каната | D62: =IF('Глубина-день'!E68="","",'Глубина-день'!E68) -> 178 | E62: =IF('Глубина-день'!F68="","",'Глубина-день'!F68) | F62: =IF('Глубина-день'!G68="","",'Глубина-день'!G68) | G62: =IF('глубина-день'!#ref!="","",'глубина-день'!#ref!) -> #VALUE! | H62: =IF('Глубина-день'!H68="","",'Глубина-день'!H68) -> 3286 | I62: =IF('Глубина-день'!I68="","",'Глубина-день'!I68) -> 6 | J62: =IF('Глубина-день'!J68="","",'Глубина-день'!J68) -> 45503.833 | K62: =IF('Глубина-день'!R68="","",'Глубина-день'!R68) -> 6 | L62: =IF('глубина-день'!#ref!="","",'глубина-день'!#ref!) -> #VALUE!
A63: =IF('глубина-день'!#ref!="","",'глубина-день'!#ref!) -> #VALUE! | B63: =IF('глубина-день'!#ref!="","",'глубина-день'!#ref!) -> #VALUE! | C63: =IF('глубина-день'!#ref!="","",'глубина-день'!#ref!) -> #VALUE! | D63: =IF('глубина-день'!#ref!="","",'глубина-день'!#ref!) -> #VALUE! | E63: =IF('глубина-день'!#ref!="","",'глубина-день'!#ref!) -> #VALUE! | F63: =IF('глубина-день'!#ref!="","",'глубина-день'!#ref!) -> #VALUE! | G63: =IF('глубина-день'!#ref!="","",'глубина-день'!#ref!) -> #VALUE! | H63: =IF('глубина-день'!#ref!="","",'глубина-день'!#ref!) -> #VALUE! | ... L63: =IF('глубина-день'!#ref!="","",'глубина-день'!#ref!) -> #VALUE!
A64: =IF('глубина-день'!#ref!="","",'глубина-день'!#ref!) -> #VALUE! | B64: =IF('глубина-день'!#ref!="","",'глубина-день'!#ref!) -> #VALUE! | C64: =IF('глубина-день'!#ref!="","",'глубина-день'!#ref!) -> #VALUE! | D64: =IF('глубина-день'!#ref!="","",'глубина-день'!#ref!) -> #VALUE! | E64: =IF('глубина-день'!#ref!="","",'глубина-день'!#ref!) -> #VALUE! | F64: =IF('глубина-день'!#ref!="","",'глубина-день'!#ref!) -> #VALUE! | G64: =IF('глубина-день'!#ref!="","",'глубина-день'!#ref!) -> #VALUE! | H64: =IF('глубина-день'!#ref!="","",'глубина-день'!#ref!) -> #VALUE! | ... L64: =IF('глубина-день'!#ref!="","",'глубина-день'!#ref!) -> #VALUE!
A65: =IF('глубина-день'!#ref!="","",'глубина-день'!#ref!) -> #VALUE! | B65: =IF('глубина-день'!#ref!="","",'глубина-день'!#ref!) -> #VALUE! | C65: =IF('глубина-день'!#ref!="","",'глубина-день'!#ref!) -> #VALUE! | D65: =IF('глубина-день'!#ref!="","",'глубина-день'!#ref!) -> #VALUE! | E65: =IF('глубина-день'!#ref!="","",'глубина-день'!#ref!) -> #VALUE! | F65: =IF('глубина-день'!#ref!="","",'глубина-день'!#ref!) -> #VALUE! | G65: =IF('глубина-день'!#ref!="","",'глубина-день'!#ref!) -> #VALUE! | H65: =IF('глубина-день'!#ref!="","",'глубина-день'!#ref!) -> #VALUE! | ... L65: =IF('глубина-день'!#ref!="","",'глубина-день'!#ref!) -> #VALUE!
A66: =IF('глубина-день'!#ref!="","",'глубина-день'!#ref!) -> #VALUE! | B66: =IF('глубина-день'!#ref!="","",'глубина-день'!#ref!) -> #VALUE! | C66: =IF('глубина-день'!#ref!="","",'глубина-день'!#ref!) -> #VALUE! | D66: =IF('глубина-день'!#ref!="","",'глубина-день'!#ref!) -> #VALUE! | E66: =IF('глубина-день'!#ref!="","",'глубина-день'!#ref!) -> #VALUE! | F66: =IF('глубина-день'!#ref!="","",'глубина-день'!#ref!) -> #VALUE! | G66: =IF('глубина-день'!#ref!="","",'глубина-день'!#ref!) -> #VALUE! | H66: =IF('глубина-день'!#ref!="","",'глубина-день'!#ref!) -> #VALUE! | ... L66: =IF('глубина-день'!#ref!="","",'глубина-день'!#ref!) -> #VALUE!
A67: =IF('Глубина-день'!A74="","",'Глубина-день'!A74) -> 55 | B67: =IF('Глубина-день'!B74="","",'Глубина-день'!B74) -> Бурение | C67: =IF('Глубина-день'!C74="","",'Глубина-день'!C74) -> Бурение горизонтального участка скважины (прокачка укрепляющих пачек ч/з каждые 100м) | D67: =IF('Глубина-день'!E74="","",'Глубина-день'!E74) -> 114 | E67: =IF('Глубина-день'!F74="","",'Глубина-день'!F74) -> 3300 | F67: =IF('Глубина-день'!G74="","",'Глубина-день'!G74) -> 4449 | G67: =IF('глубина-день'!#ref!="","",'глубина-день'!#ref!) -> #VALUE! | H67: =IF('Глубина-день'!H74="","",'Глубина-день'!H74) -> 4449 | I67: =IF('Глубина-день'!I74="","",'Глубина-день'!I74) -> 105 | J67: =IF('Глубина-день'!J74="","",'Глубина-день'!J74) -> 45509.417 | K67: =IF('Глубина-день'!R74="","",'Глубина-день'!R74) -> 105 | L67: =IF('глубина-день'!#ref!="","",'глубина-день'!#ref!) -> #VALUE!
A68: =IF('Глубина-день'!A75="","",'Глубина-день'!A75) -> 56 | B68: =IF('Глубина-день'!B75="","",'Глубина-день'!B75) -> Циркуляция и Обработка БР | C68: =IF('Глубина-день'!C75="","",'Глубина-день'!C75) -> Промывка на забое | D68: =IF('Глубина-день'!E75="","",'Глубина-день'!E75) -> 114 | E68: =IF('Глубина-день'!F75="","",'Глубина-день'!F75) | F68: =IF('Глубина-день'!G75="","",'Глубина-день'!G75) | G68: =IF('глубина-день'!#ref!="","",'глубина-день'!#ref!) -> #VALUE! | H68: =IF('Глубина-день'!H75="","",'Глубина-день'!H75) -> 4449 | I68: =IF('Глубина-день'!I75="","",'Глубина-день'!I75) -> 3 | J68: =IF('Глубина-день'!J75="","",'Глубина-день'!J75) -> 45509.542 | K68: =IF('Глубина-день'!R75="","",'Глубина-день'!R75) -> 3 | L68: =IF('глубина-день'!#ref!="","",'глубина-день'!#ref!) -> #VALUE!
A69: =IF('Глубина-день'!A76="","",'Глубина-день'!A76) -> 57 | B69: =IF('Глубина-день'!B76="","",'Глубина-день'!B76) -> СПО | C69: =IF('Глубина-день'!C76="","",'Глубина-день'!C76) -> Подъем КНБК в БК ТК, Сборка недостающего кол-ва ТБТ под спуск хвостовика (кол-во по согласованию с ЦУСС). | D69: =IF('Глубина-день'!E76="","",'Глубина-день'!E76) -> 114 | E69: =IF('Глубина-день'!F76="","",'Глубина-день'!F76) -> 4449 | F69: =IF('Глубина-день'!G76="","",'Глубина-день'!G76) -> 3300 | G69: =IF('глубина-день'!#ref!="","",'глубина-день'!#ref!) -> #VALUE! | H69: =IF('Глубина-день'!H76="","",'Глубина-день'!H76) -> 4449 | I69: =IF('Глубина-день'!I76="","",'Глубина-день'!I76) -> 9 | J69: =IF('Глубина-день'!J76="","",'Глубина-день'!J76) -> 45509.917 | K69: =IF('Глубина-день'!R76="","",'Глубина-день'!R76) -> 9 | L69: =IF('глубина-день'!#ref!="","",'глубина-день'!#ref!) -> #VALUE!
A70: =IF('Глубина-день'!A83="","",'Глубина-день'!A83) -> 64 | B70: =IF('Глубина-день'!B83="","",'Глубина-день'!B83) -> Крепление | C70: =IF('Глубина-день'!C83="","",'Глубина-день'!C83) -> Спуск хвостовика 114мм на БИ | D70: =IF('Глубина-день'!E83="","",'Глубина-день'!E83) -> 114 | E70: =IF('Глубина-день'!F83="","",'Глубина-день'!F83) -> 0 | F70: =IF('Глубина-день'!G83="","",'Глубина-день'!G83) -> 4449 | G70: =IF('глубина-день'!#ref!="","",'глубина-день'!#ref!) -> #VALUE! | H70: =IF('Глубина-день'!H83="","",'Глубина-день'!H83) -> 4449 | I70: =IF('Глубина-день'!I83="","",'Глубина-день'!I83) -> 13 | J70: =IF('Глубина-день'!J83="","",'Глубина-день'!J83) -> 45513.042 | K70: =IF('Глубина-день'!R83="","",'Глубина-день'!R83) -> 13 | L70: =IF('глубина-день'!#ref!="","",'глубина-день'!#ref!) -> #VALUE!
A71: =IF('Глубина-день'!A84="","",'Глубина-день'!A84) -> 65 | B71: =IF('Глубина-день'!B84="","",'Глубина-день'!B84) -> Циркуляция и Обработка БР | C71: =IF('Глубина-день'!C84="","",'Глубина-день'!C84) -> Промывка | D71: =IF('Глубина-день'!E84="","",'Глубина-день'!E84) -> 114 | E71: =IF('Глубина-день'!F84="","",'Глубина-день'!F84) | F71: =IF('Глубина-день'!G84="","",'Глубина-день'!G84) | G71: =IF('глубина-день'!#ref!="","",'глубина-день'!#ref!) -> #VALUE! | H71: =IF('Глубина-день'!H84="","",'Глубина-день'!H84) -> 4449 | I71: =IF('Глубина-день'!I84="","",'Глубина-день'!I84) -> 4 | J71: =IF('Глубина-день'!J84="","",'Глубина-день'!J84) -> 45513.208 | K71: =IF('Глубина-день'!R84="","",'Глубина-день'!R84) -> 4 | L71: =IF('глубина-день'!#ref!="","",'глубина-день'!#ref!) -> #VALUE!
A72: =IF('глубина-день'!#ref!="","",'глубина-день'!#ref!) -> #VALUE! | B72: =IF('Глубина-день'!B85="","",'Глубина-день'!B85) -> Циркуляция и Обработка БР | C72: =IF('глубина-день'!#ref!="","",'глубина-день'!#ref!) -> #VALUE! | D72: =IF('глубина-день'!#ref!="","",'глубина-день'!#ref!) -> #VALUE! | E72: =IF('глубина-день'!#ref!="","",'глубина-день'!#ref!) -> #VALUE! | F72: =IF('глубина-день'!#ref!="","",'глубина-день'!#ref!) -> #VALUE! | G72: =IF('глубина-день'!#ref!="","",'глубина-день'!#ref!) -> #VALUE! | H72: =IF('глубина-день'!#ref!="","",'глубина-день'!#ref!) -> #VALUE! | I72: =IF('глубина-день'!#ref!="","",'глубина-день'!#ref!) -> #VALUE! | J72: =IF('глубина-день'!#ref!="","",'глубина-день'!#ref!) -> #VALUE! | ... L72: =IF('глубина-день'!#ref!="","",'глубина-день'!#ref!) -> #VALUE!
A73: =IF('Глубина-день'!A86="","",'Глубина-день'!A86) -> 67 | B73: =IF('Глубина-день'!B86="","",'Глубина-день'!B86) -> СПО | C73: =IF('Глубина-день'!C86="","",'Глубина-день'!C86) -> Подъем БИ с выбросом на мостки | D73: =IF('Глубина-день'!E86="","",'Глубина-день'!E86) -> 114 | E73: =IF('Глубина-день'!F86="","",'Глубина-день'!F86) | F73: =IF('Глубина-день'!G86="","",'Глубина-день'!G86) | G73: =IF('глубина-день'!#ref!="","",'глубина-день'!#ref!) -> #VALUE! | H73: =IF('Глубина-день'!H86="","",'Глубина-день'!H86) -> 4449 | I73: =IF('Глубина-день'!I86="","",'Глубина-день'!I86) -> 25 | J73: =IF('Глубина-день'!J86="","",'Глубина-день'!J86) -> 45514.5 | K73: =IF('Глубина-день'!R86="","",'Глубина-день'!R86) -> 25 | L73: =IF('глубина-день'!#ref!="","",'глубина-день'!#ref!) -> #VALUE!
A74: =IF('Глубина-день'!A87="","",'Глубина-день'!A87) -> 68 | B74: =IF('Глубина-день'!B87="","",'Глубина-день'!B87) -> ПВО | C74: =IF('Глубина-день'!C87="","",'Глубина-день'!C87) -> Демонтаж ПВО | D74: =IF('Глубина-день'!E87="","",'Глубина-день'!E87) -> 114 | E74: =IF('Глубина-день'!F87="","",'Глубина-день'!F87) | F74: =IF('Глубина-день'!G87="","",'Глубина-день'!G87) | G74: =IF('глубина-день'!#ref!="","",'глубина-день'!#ref!) -> #VALUE! | H74: =IF('Глубина-день'!H87="","",'Глубина-день'!H87) -> 4449 | I74: =IF('Глубина-день'!I87="","",'Глубина-день'!I87) -> 4 | J74: =IF('Глубина-день'!J87="","",'Глубина-день'!J87) -> 45514.667 | K74: =IF('Глубина-день'!R87="","",'Глубина-день'!R87) -> 4 | L74: =IF('глубина-день'!#ref!="","",'глубина-день'!#ref!) -> #VALUE!
A75: =IF('глубина-день'!#ref!="","",'глубина-день'!#ref!) -> #VALUE! | B75: =IF('глубина-день'!#ref!="","",'глубина-день'!#ref!) -> #VALUE! | C75: =IF('глубина-день'!#ref!="","",'глубина-день'!#ref!) -> #VALUE! | D75: =IF('глубина-день'!#ref!="","",'глубина-день'!#ref!) -> #VALUE! | E75: =IF('глубина-день'!#ref!="","",'глубина-день'!#ref!) -> #VALUE! | F75: =IF('глубина-день'!#ref!="","",'глубина-день'!#ref!) -> #VALUE! | G75: =IF('глубина-день'!#ref!="","",'глубина-день'!#ref!) -> #VALUE! | H75: =IF('глубина-день'!#ref!="","",'глубина-день'!#ref!) -> #VALUE! | ... L75: =IF('глубина-день'!#ref!="","",'глубина-день'!#ref!) -> #VALUE!
A76: =IF('глубина-день'!#ref!="","",'глубина-день'!#ref!) -> #VALUE! | B76: =IF('глубина-день'!#ref!="","",'глубина-день'!#ref!) -> #VALUE! | C76: =IF('глубина-день'!#ref!="","",'глубина-день'!#ref!) -> #VALUE! | D76: =IF('глубина-день'!#ref!="","",'глубина-день'!#ref!) -> #VALUE! | E76: =IF('глубина-день'!#ref!="","",'глубина-день'!#ref!) -> #VALUE! | F76: =IF('глубина-день'!#ref!="","",'глубина-день'!#ref!) -> #VALUE! | G76: =IF('глубина-день'!#ref!="","",'глубина-день'!#ref!) -> #VALUE! | H76: =IF('глубина-день'!#ref!="","",'глубина-день'!#ref!) -> #VALUE! | ... L76: =IF('глубина-день'!#ref!="","",'глубина-день'!#ref!) -> #VALUE!
A77: =IF('глубина-день'!#ref!="","",'глубина-день'!#ref!) -> #VALUE! | B77: =IF('глубина-день'!#ref!="","",'глубина-день'!#ref!) -> #VALUE! | C77: =IF('глубина-день'!#ref!="","",'глубина-день'!#ref!) -> #VALUE! | D77: =IF('глубина-день'!#ref!="","",'глубина-день'!#ref!) -> #VALUE! | E77: =IF('глубина-день'!#ref!="","",'глубина-день'!#ref!) -> #VALUE! | F77: =IF('глубина-день'!#ref!="","",'глубина-день'!#ref!) -> #VALUE! | G77: =IF('глубина-день'!#ref!="","",'глубина-день'!#ref!) -> #VALUE! | H77: =IF('глубина-день'!#ref!="","",'глубина-день'!#ref!) -> #VALUE! | ... L77: =IF('глубина-день'!#ref!="","",'глубина-день'!#ref!) -> #VALUE!
A78: =IF('глубина-день'!#ref!="","",'глубина-день'!#ref!) -> #VALUE! | B78: =IF('глубина-день'!#ref!="","",'глубина-день'!#ref!) -> #VALUE! | C78: =IF('глубина-день'!#ref!="","",'глубина-день'!#ref!) -> #VALUE! | D78: =IF('глубина-день'!#ref!="","",'глубина-день'!#ref!) -> #VALUE! | E78: =IF('глубина-день'!#ref!="","",'глубина-день'!#ref!) -> #VALUE! | F78: =IF('глубина-день'!#ref!="","",'глубина-день'!#ref!) -> #VALUE! | G78: =IF('глубина-день'!#ref!="","",'глубина-день'!#ref!) -> #VALUE! | H78: =IF('глубина-день'!#ref!="","",'глубина-день'!#ref!) -> #VALUE! | ... L78: =IF('глубина-день'!#ref!="","",'глубина-день'!#ref!) -> #VALUE!
A79: =IF('глубина-день'!#ref!="","",'глубина-день'!#ref!) -> #VALUE! | B79: =IF('глубина-день'!#ref!="","",'глубина-день'!#ref!) -> #VALUE! | C79: =IF('глубина-день'!#ref!="","",'глубина-день'!#ref!) -> #VALUE! | D79: =IF('глубина-день'!#ref!="","",'глубина-день'!#ref!) -> #VALUE! | E79: =IF('глубина-день'!#ref!="","",'глубина-день'!#ref!) -> #VALUE! | F79: =IF('глубина-день'!#ref!="","",'глубина-день'!#ref!) -> #VALUE! | G79: =IF('глубина-день'!#ref!="","",'глубина-день'!#ref!) -> #VALUE! | H79: =IF('глубина-день'!#ref!="","",'глубина-день'!#ref!) -> #VALUE! | ... L79: =IF('глубина-день'!#ref!="","",'глубина-день'!#ref!) -> #VALUE!
A80: =IF('глубина-день'!#ref!="","",'глубина-день'!#ref!) -> #VALUE! | B80: =IF('глубина-день'!#ref!="","",'глубина-день'!#ref!) -> #VALUE! | C80: =IF('глубина-день'!#ref!="","",'глубина-день'!#ref!) -> #VALUE! | D80: =IF('глубина-день'!#ref!="","",'глубина-день'!#ref!) -> #VALUE! | E80: =IF('глубина-день'!#ref!="","",'глубина-день'!#ref!) -> #VALUE! | F80: =IF('глубина-день'!#ref!="","",'глубина-день'!#ref!) -> #VALUE! | G80: =IF('глубина-день'!#ref!="","",'глубина-день'!#ref!) -> #VALUE! | H80: =IF('глубина-день'!#ref!="","",'глубина-день'!#ref!) -> #VALUE! | ... L80: =IF('глубина-день'!#ref!="","",'глубина-день'!#ref!) -> #VALUE!
A81: =IF('глубина-день'!#ref!="","",'глубина-день'!#ref!) -> #VALUE! | B81: =IF('глубина-день'!#ref!="","",'глубина-день'!#ref!) -> #VALUE! | C81: =IF('глубина-день'!#ref!="","",'глубина-день'!#ref!) -> #VALUE! | D81: =IF('глубина-день'!#ref!="","",'глубина-день'!#ref!) -> #VALUE! | E81: =IF('глубина-день'!#ref!="","",'глубина-день'!#ref!) -> #VALUE! | F81: =IF('глубина-день'!#ref!="","",'глубина-день'!#ref!) -> #VALUE! | G81: =IF('глубина-день'!#ref!="","",'глубина-день'!#ref!) -> #VALUE! | H81: =IF('глубина-день'!#ref!="","",'глубина-день'!#ref!) -> #VALUE! | ... L81: =IF('глубина-день'!#ref!="","",'глубина-день'!#ref!) -> #VALUE!
A82: =IF('глубина-день'!#ref!="","",'глубина-день'!#ref!) -> #VALUE! | B82: =IF('глубина-день'!#ref!="","",'глубина-день'!#ref!) -> #VALUE! | C82: =IF('глубина-день'!#ref!="","",'глубина-день'!#ref!) -> #VALUE! | D82: =IF('глубина-день'!#ref!="","",'глубина-день'!#ref!) -> #VALUE! | E82: =IF('глубина-день'!#ref!="","",'глубина-день'!#ref!) -> #VALUE! | F82: =IF('глубина-день'!#ref!="","",'глубина-день'!#ref!) -> #VALUE! | G82: =IF('глубина-день'!#ref!="","",'глубина-день'!#ref!) -> #VALUE! | H82: =IF('глубина-день'!#ref!="","",'глубина-день'!#ref!) -> #VALUE! | ... L82: =IF('глубина-день'!#ref!="","",'глубина-день'!#ref!) -> #VALUE!
A83: =IF('глубина-день'!#ref!="","",'глубина-день'!#ref!) -> #VALUE! | B83: =IF('глубина-день'!#ref!="","",'глубина-день'!#ref!) -> #VALUE! | C83: =IF('глубина-день'!#ref!="","",'глубина-день'!#ref!) -> #VALUE! | D83: =IF('глубина-день'!#ref!="","",'глубина-день'!#ref!) -> #VALUE! | E83: =IF('глубина-день'!#ref!="","",'глубина-день'!#ref!) -> #VALUE! | F83: =IF('глубина-день'!#ref!="","",'глубина-день'!#ref!) -> #VALUE! | G83: =IF('глубина-день'!#ref!="","",'глубина-день'!#ref!) -> #VALUE! | H83: =IF('глубина-день'!#ref!="","",'глубина-день'!#ref!) -> #VALUE! | ... L83: =IF('глубина-день'!#ref!="","",'глубина-день'!#ref!) -> #VALUE!
A84: =IF('глубина-день'!#ref!="","",'глубина-день'!#ref!) -> #VALUE! | B84: =IF('глубина-день'!#ref!="","",'глубина-день'!#ref!) -> #VALUE! | C84: =IF('глубина-день'!#ref!="","",'глубина-день'!#ref!) -> #VALUE! | D84: =IF('глубина-день'!#ref!="","",'глубина-день'!#ref!) -> #VALUE! | E84: =IF('глубина-день'!#ref!="","",'глубина-день'!#ref!) -> #VALUE! | F84: =IF('глубина-день'!#ref!="","",'глубина-день'!#ref!) -> #VALUE! | G84: =IF('глубина-день'!#ref!="","",'глубина-день'!#ref!) -> #VALUE! | H84: =IF('глубина-день'!#ref!="","",'глубина-день'!#ref!) -> #VALUE! | ... L84: =IF('глубина-день'!#ref!="","",'глубина-день'!#ref!) -> #VALUE!
A85: =IF('глубина-день'!#ref!="","",'глубина-день'!#ref!) -> #VALUE! | B85: =IF('глубина-день'!#ref!="","",'глубина-день'!#ref!) -> #VALUE! | C85: =IF('глубина-день'!#ref!="","",'глубина-день'!#ref!) -> #VALUE! | D85: =IF('глубина-день'!#ref!="","",'глубина-день'!#ref!) -> #VALUE! | E85: =IF('глубина-день'!#ref!="","",'глубина-день'!#ref!) -> #VALUE! | F85: =IF('глубина-день'!#ref!="","",'глубина-день'!#ref!) -> #VALUE! | G85: =IF('глубина-день'!#ref!="","",'глубина-день'!#ref!) -> #VALUE! | H85: =IF('глубина-день'!#ref!="","",'глубина-день'!#ref!) -> #VALUE! | ... L85: =IF('глубина-день'!#ref!="","",'глубина-день'!#ref!) -> #VALUE!
A86: =IF('глубина-день'!#ref!="","",'глубина-день'!#ref!) -> #VALUE! | B86: =IF('глубина-день'!#ref!="","",'глубина-день'!#ref!) -> #VALUE! | C86: =IF('глубина-день'!#ref!="","",'глубина-день'!#ref!) -> #VALUE! | D86: =IF('глубина-день'!#ref!="","",'глубина-день'!#ref!) -> #VALUE! | E86: =IF('глубина-день'!#ref!="","",'глубина-день'!#ref!) -> #VALUE! | F86: =IF('глубина-день'!#ref!="","",'глубина-день'!#ref!) -> #VALUE! | G86: =IF('глубина-день'!#ref!="","",'глубина-день'!#ref!) -> #VALUE! | H86: =IF('глубина-день'!#ref!="","",'глубина-день'!#ref!) -> #VALUE! | ... L86: =IF('глубина-день'!#ref!="","",'глубина-день'!#ref!) -> #VALUE!
A87: =IF('Глубина-день'!A90="","",'Глубина-день'!A90) | B87: =IF('Глубина-день'!B90="","",'Глубина-день'!B90) | C87: =IF('Глубина-день'!C90="","",'Глубина-день'!C90) -> Итого, сут.: | D87: =IF('Глубина-день'!E90="","",'Глубина-день'!E90) | E87: =IF('Глубина-день'!F90="","",'Глубина-день'!F90) | F87: =IF('Глубина-день'!G90="","",'Глубина-день'!G90) | G87: =IF('глубина-день'!#ref!="","",'глубина-день'!#ref!) -> #VALUE! | H87: =IF('Глубина-день'!H90="","",'Глубина-день'!H90) | I87: =IF('Глубина-день'!I90="","",'Глубина-день'!I90) -> 26.8625 | J87: =IF('Глубина-день'!J90="","",'Глубина-день'!J90) | K87: =IF('Глубина-день'!R90="","",'Глубина-день'!R90) -> 26.8625 | L87: =IF('глубина-день'!#ref!="","",'глубина-день'!#ref!) -> #VALUE!

Sheet Графики
B2: Месторождение | C2: ='Глубина-день'!C4 -> Южно-Приобское | E2: План, сут* | G2: ='Глубина-день'!N7 -> 26.8625 | I2: Скорость бурения, сут/1000м | K2: План | M2: ='Глубина-день'!N10 -> 6.0378737 | O2: Начало бурения | Q2: ='Глубина-день'!N3 -> 45489.208
B3: Кустовая площадка | C3: ='Глубина-день'!C5 -> 112А.1 | E3: Факт/прогноз, сут | G3: ='Глубина-день'!N8 -> 27.166667 | K3: Факт/Прогноз | M3: ='Глубина-день'!N11 -> 6.1062411 | O3: Прогноз окончания бурения | Q3: ='Глубина-день'!N5 -> 45516.375
B4: Скважина № | C4: ='Глубина-день'!C6 -> 46626 | E4: Отклон.от плана, сут. | G4: ='Глубина-день'!N13 -> 0.30416667 | O4: Дата Бур.Подр.
Y7: Забой | Z7: ='Глубина-день'!K7 -> План, сут* | AB7: Забой | AC7: Факт/прогноз, сут | AE7: ='Глубина-день'!K9 -> БП, сут
Z8: Время | AA8: Суммарное | AC8: Время | AD8: Суммарное | AE8: Время | AF8: Суммарное
X9: ='Глубина-день'!A20 -> 1 | Y9: ='Глубина-день'!H20 -> 0 | Z9: ='Глубина-день'!I20 -> 0.5 | AA9: =Z9/24 -> 0.020833333 | AB9: ='Глубина-день'!K20 -> 0 | AC9: ='Глубина-день'!L20 -> 0.5 | AD9: =AC9/24 -> 0.020833333 | AE9: ='Глубина-день'!R20 -> 0.5 | AF9: =AE9/24 -> 0.020833333
X10: ='Глубина-день'!A21 -> 2 | Y10: ='Глубина-день'!H21 -> 80 | Z10: ='Глубина-день'!I21 -> 2 | AA10: =Z10/24+AA9 -> 0.10416667 | AB10: ='Глубина-день'!K21 -> 80 | AC10: ='Глубина-день'!L21 -> 2 | AD10: =AC10/24+AD9 -> 0.10416667 | AE10: ='Глубина-день'!R21 -> 2 | AF10: =AE10/24+AF9 -> 0.10416667
X11: ='Глубина-день'!A22 -> 3 | Y11: ='Глубина-день'!H22 -> 80 | Z11: ='Глубина-день'!I22 -> 1 | AA11: =Z11/24+AA10 -> 0.14583333 | AB11: ='Глубина-день'!K22 -> 80 | AC11: ='Глубина-день'!L22 -> 1 | AD11: =AC11/24+AD10 -> 0.14583333 | AE11: ='Глубина-день'!R22 -> 1 | AF11: =AE11/24+AF10 -> 0.14583333
X12: ='Глубина-день'!A23 -> 4 | Y12: ='Глубина-день'!H23 -> 80 | Z12: ='Глубина-день'!I23 -> 0.5 | AA12: =Z12/24+AA11 -> 0.16666667 | AB12: ='Глубина-день'!K23 -> 80 | AC12: ='Глубина-день'!L23 -> 0.5 | AD12: =AC12/24+AD11 -> 0.16666667 | AE12: ='Глубина-день'!R23 -> 0.5 | AF12: =AE12/24+AF11 -> 0.16666667
X13: ='Глубина-день'!A24 -> 5 | Y13: ='Глубина-день'!H24 -> 80 | Z13: ='Глубина-день'!I24 -> 1 | AA13: =Z13/24+AA12 -> 0.20833333 | AB13: ='Глубина-день'!K24 -> 80 | AC13: ='Глубина-день'!L24 -> 1 | AD13: =AC13/24+AD12 -> 0.20833333 | AE13: ='Глубина-день'!R24 -> 1 | AF13: =AE13/24+AF12 -> 0.20833333
X14: ='Глубина-день'!A25 -> 6 | Y14: ='Глубина-день'!H25 -> 80 | Z14: ='Глубина-день'!I25 -> 2 | AA14: =Z14/24+AA13 -> 0.29166667 | AB14: ='Глубина-день'!K25 -> 80 | AC14: ='Глубина-день'!L25 -> 2 | AD14: =AC14/24+AD13 -> 0.29166667 | AE14: ='Глубина-день'!R25 -> 2 | AF14: =AE14/24+AF13 -> 0.29166667
X15: ='Глубина-день'!A26 -> 7 | Y15: ='Глубина-день'!H26 -> 80 | Z15: ='Глубина-день'!I26 -> 0.5 | AA15: =Z15/24+AA14 -> 0.3125 | AB15: ='Глубина-день'!K26 -> 80 | AC15: ='Глубина-день'!L26 -> 0.5 | AD15: =AC15/24+AD14 -> 0.3125 | AE15: ='Глубина-день'!R26 -> 0.5 | AF15: =AE15/24+AF14 -> 0.3125
X16: ='Глубина-день'!A27 -> 8 | Y16: ='Глубина-день'!H27 -> 80 | Z16: ='Глубина-день'!I27 -> 1.5 | AA16: =Z16/24+AA15 -> 0.375 | AB16: ='Глубина-день'!K27 -> 80 | AC16: ='Глубина-день'!L27 -> 1.5 | AD16: =AC16/24+AD15 -> 0.375 | AE16: ='Глубина-день'!R27 -> 1.5 | AF16: =AE16/24+AF15 -> 0.375
X17: ='Глубина-день'!A28 -> 9 | Y17: ='Глубина-день'!H28 -> 80 | Z17: ='Глубина-день'!I28 -> 8 | AA17: =Z17/24+AA16 -> 0.70833333 | AB17: ='Глубина-день'!K28 -> 80 | AC17: ='Глубина-день'!L28 -> 8 | AD17: =AC17/24+AD16 -> 0.70833333 | AE17: ='Глубина-день'!R28 -> 8 | AF17: =AE17/24+AF16 -> 0.70833333
X18: ='Глубина-день'!A29 -> 10 | Y18: ='Глубина-день'!H29 -> 80 | Z18: ='Глубина-день'!I29 -> 12 | AA18: =Z18/24+AA17 -> 1.2083333 | AB18: ='Глубина-день'!K29 -> 80 | AC18: ='Глубина-день'!L29 -> 9 | AD18: =AC18/24+AD17 -> 1.0833333 | AE18: ='Глубина-день'!R29 -> 12 | AF18: =AE18/24+AF17 -> 1.2083333
X19: ='Глубина-день'!A30 -> 11 | Y19: ='Глубина-день'!H30 -> 80 | Z19: ='Глубина-день'!I30 -> 3 | AA19: =Z19/24+AA18 -> 1.3333333 | AB19: ='Глубина-день'!K30 -> 80 | AC19: ='Глубина-день'!L30 -> 2.5 | AD19: =AC19/24+AD18 -> 1.1875 | AE19: ='Глубина-день'!R30 -> 3 | AF19: =AE19/24+AF18 -> 1.3333333
X20: ='Глубина-день'!A31 -> 12 | Y20: ='Глубина-день'!H31 -> 80 | Z20: ='Глубина-день'!I31 -> 0.5 | AA20: =Z20/24+AA19 -> 1.3541667 | AB20: ='Глубина-день'!K31 -> 80 | AC20: ='Глубина-день'!L31 -> 0.25 | AD20: =AC20/24+AD19 -> 1.1979167 | AE20: ='Глубина-день'!R31 -> 0.5 | AF20: =AE20/24+AF19 -> 1.3541667
X21: ='Глубина-день'!A32 -> 13 | Y21: ='Глубина-день'!H32 -> 81 | Z21: ='Глубина-день'!I32 -> 1 | AA21: =Z21/24+AA20 -> 1.3958333 | AB21: ='Глубина-день'!K32 -> 80 | AC21: ='Глубина-день'!L32 -> 1 | AD21: =AC21/24+AD20 -> 1.2395833 | AE21: ='Глубина-день'!R32 -> 1 | AF21: =AE21/24+AF20 -> 1.3958333
... X78: ='Глубина-день'!A89 -> 70 | Y78: ='Глубина-день'!H89 -> 4449 | Z78: ='Глубина-день'!I89 -> 30.7 | AA78: =Z78/24+AA77 -> 26.8625 | AB78: ='Глубина-день'!K89 -> 0 | AC78: ='Глубина-день'!L89 -> 0 | AD78: =AC78/24+AD77 -> 21.791667 | AE78: ='Глубина-день'!R89 -> 30.7 | AF78: =AE78/24+AF77 -> 26.8625

Sheet реестр НПВ
A1: № НПВ | B1: Год | C1: Месяц | D1: Дата начала НПВ | E1: Дата окончания НПВ | F1: № скв | G1: № куста | H1: М-е | I1: Вид НПВ | J1: Классификация | K1: Расшифровка НПВ | L1: Виновная сторона | M1: НПВ, Простой, час
A3: 1
A4: 2
A5: 3
A6: 4
A7: 5
A8: 6
A9: 7
A10: 8
A11: 9
A12: 10
A13: 11
A14: 12
... A46: 44
L47: Общее НПВ по скв | M47: =SUM(M3:M43) -> 0
K49: Распределение НПВ по типам
K50: распределение НПВ по типам | L50: Аварии | M50: =SUMIFS($M$3:$M$46,$J$3:$J$46,L50) -> 0
L51: Осложнения | M51: =SUMIFS($M$3:$M$46,$J$3:$J$46,L51) -> 0
L52: Геологические осложнения | M52: =SUMIFS($M$3:$M$46,$J$3:$J$46,L52) -> 0
L53: Ликв.брака | M53: =SUMIFS($M$3:$M$46,$J$3:$J$46,L53) -> 0
L54: Простои | M54: =SUMIFS($M$3:$M$46,$J$3:$J$46,L54) -> 0
L55: Простои метео | M55: =SUMIFS($M$3:$M$46,$J$3:$J$46,L55) -> 0
L56: Ремонт ББ | M56: =SUMIFS($M$3:$M$46,$J$3:$J$46,L56) -> 0
L57: НПВ 1 | M57: =SUMIFS($M$3:$M$46,$J$3:$J$46,L57) -> 0
L58: НПВ 2 | M58: =SUMIFS($M$3:$M$46,$J$3:$J$46,L58) -> 0
L59: итого | M59: =SUM(M50:M58) -> 0
K61: Распределение НПВ по ПО
K62: распределение НПВ по ПО (можно менять нименования) | L62: ООО "ЮСК" | M62: =SUMIFS($M$3:$M$46,$L$3:$L$46,L62) -> 0
L63: НФ ООО "БКЕ" | M63: =SUMIFS($M$3:$M$46,$L$3:$L$46,L63) -> 0
L64: ООО "ССР" | M64: =SUMIFS($M$3:$M$46,$L$3:$L$46,L64) -> 0
L65: ООО "НПП "Буринтех" | M65: =SUMIFS($M$3:$M$46,$L$3:$L$46,L65) -> 0
L66: ООО "НПП "Буринтех" | M66: =SUMIFS($M$3:$M$46,$L$3:$L$46,L66) -> 0
L67: ООО "Бренд Фактор" | M67: =SUMIFS($M$3:$M$46,$L$3:$L$46,L67) -> 0
L68: ООО "НОРД-СЕРВИС" | M68: =SUMIFS($M$3:$M$46,$L$3:$L$46,L68) -> 0
L69: ООО "Зенит-Сервис" | M69: =SUMIFS($M$3:$M$46,$L$3:$L$46,L69) -> 0
L70: ПО 1 | M70: =SUMIFS($M$3:$M$46,$L$3:$L$46,L70) -> 0
L71: ПО 2 | M71: =SUMIFS($M$3:$M$46,$L$3:$L$46,L71) -> 0
L72: ПО 3 | M72: =SUMIFS($M$3:$M$46,$L$3:$L$46,L72) -> 0
L73: ПО 4 | M73: =SUMIFS($M$3:$M$46,$L$3:$L$46,L73) -> 0
L74: ГПНХ | M74: =SUMIFS($M$3:$M$46,$L$3:$L$46,L74) -> 0
L75: итого | M75: =SUM(M62:M74) -> 0

Sheet Нормы
B2: Вид операции | C2: нормы
B3: опрессовка плашек, ПУГ | C3: 1.5
B4: Спуск 324 мм направления одной трубы | C4: 0.33
B6: Спуск инструмента (одной свечи), БУ 2900/200 ЭПКБМ-3, БУ 3000 ЭУК-1М, грузоподъемность 200 т, ВСП | C6: 0.085 | D6: Вывод из-за пальца, наворот, спуск свечи, подъем пустого блока.
B7: Спуск инструмента (одной свечи), БУ 2900/200 ЭПКБМ-3, БУ 3000 ЭУК-1М, грузоподъемность 200 т, без ВСП | C7: 0.08 | D7: Вывод из-за пальца, наворот, спуск свечи, подъем пустого блока.
B8: Спуск 245 мм кондуктора (одной трубы) | C8: 0.088
B10: Подъем инструмента (одной свечи), БУ 2900/200 ЭПКБМ-3, БУ 3000 ЭУК-1М, грузоподъемность 200 т, ВСП | C10: 0.089 | D10: Подъем свечи, отворот, установка за палец, спуск пустого блока.
B12: Подъем инструмента (одной свечи), БУ 2900/200 ЭПКБМ-3, БУ 3000 ЭУК-1М, грузоподъемность 200 т, без ВСП | C12: 0.084 | D12: Подъем свечи, отворот, установка за палец, спуск пустого блока.
B14: Сборка АМАК, АМК-Горизонт | C14: 1.92
B16: Спуск , подъем с записью АМАК, АМК-Горизонт | C16: 1.15 | D16: На 100м.
B18: Разборка АМАК, АМК-Горизонт, считывание данных | C18: 1.5
B20: Разборка и выброс 127 и 147 мм инструмента на мостки при подъеме 1 трубка | C20: 0.075 | D20: При выбросе инструмента на мостки из-за пальца учитывать время на спуск свечи ниже стола ротора по нормам спуска.
B21: Разборка и выброс 102 мм инструмента на мостки при подъеме 1 трубка | C21: 0.075
B22: Разборка и выброс 89 мм инструмента на мостки при подъеме 1 трубка | C22: 0.075
B23: Спуск 146 мм, 168 мм ,178 мм эксплуатационной колонны, 1 труба | C23: 0.07
B25: Сборка и спуск 114 мм хвостовика, 1 труба | C25: 0.093 | D25: Спуск хвостовика на транспортной колонне рассчитывается как спуск инструмента.
B27: Сборка с мостков и спуск 127 и 147 мм инструмента (1 трубы) | C27: 0.065 | D27: В случае применения нового комплекта БИ или БИ после проведения ремонта применяется дополнительно 0,04ч. для приработки БИ.
B28: Сборка с мостков и спуск 102 мм инструмента (1 трубы) | C28: 0.065
B29: Сборка с мостков и спуск 89 мм инструмента (1 трубы) | C29: 0.065
