Workbook

Sheet Глубина-день
A1: Сетевой график "Глубина-день"
B2: Определение | D2: Конструкция скважины | K2: Начальные и прогнозные параметры
B3: Компания | C3: ООО "Газпромнефть-Хантос" | D3: Проект | E3: Забой | K3: Начало бурения | N3: 45499.625
B4: Месторождение | C4: Южно-Приобское | D4: Секция | E4: План | H4: Факт | I4: св, шт | J4: ОК, шт | K4: План окончания бурения | N4: =J82 -> 45526.438
B5: Кустовая площадка | C5: 134В.1 ЮПМ | D5: 245 | E5: 80 | H5: 80 | J5: =ROUNDUP((E5-5)/11.3,0) -> 7 | K5: Факт/прогноз | N5: =O82 -> 45517.188
B6: Скважина № | C6: 43820 | D6: 178 | E6: 2543.15 | H6: 2543.31 | I6: =ROUNDUP((E6-E5)/25.5,0) -> 97 | J6: =ROUNDUP((E6-E5-5)/11.3,0) -> 218 | K6: План для бонуса | N6: =N3+R84 -> 45527.778
B7: Тип скважины | C7: 2КК, ГС без ПС | D7: Т1 | E7: 3160 | I7: =ROUNDUP((E7-E6)/25.5,0) -> 25 | J7: =ROUNDUP((E7-E6-5)/11.3,0) -> 55 | K7: =H17 -> План | N7: =I84 -> 28.153125
B8: Руководитель направления | C8: Богомягков В.А. | D8: 114 | E8: 4660 | I8: =ROUNDUP((E8-E7)/25.5,0) -> 59 | J8: =ROUNDUP((E8-E7-5)/11.3,0) -> 133 | K8: Факт/прогноз, сут | N8: =N5-N3 -> 17.5625
B9: Супервайзера ООО "КОМТЭК" | K9: =Q17 -> План для бонуса | N9: =N6-N3 -> 28.153125
D10: Длина ГС | E10: =E8-E7 -> 1500 | H10: =H8-H7 -> 0 | K10: Скорость бурения, сут/1000м | L10: План | N10: =N7/E13*1000 -> 6.0414431
D11: Пилот №1/точка срезки/Длина | G11: =E11-F11 -> 0 | J11: 0 | L11: Факт+Прогноз | N11: =N8/E13*1000 -> 3.7687768
D12: Пилот №2/точка срезки/Длина | G12: =E12-F12 -> 0 | J12: 0 | L12: План для бонуса | N12: =N9/E13*1000 -> 6.0414431
D13: Проходка | E13: =E8+G11+G12 -> 4660 | K13: Отклон.от плана, сут. | N13: =N5-N4 -> -9.25
D14: Индекс сложности | K14: Прогноз % времени на ТО БУ | N14: ='реестр НПВ'!M56/('Глубина-день'!N8*24-'реестр НПВ'!M63) -> 0
K15: *Плановое время учитывает 5% времени на ТО БУ
A17: Операции | H17: План | K17: Факт | Q17: План для бонуса | S17: Мероприятия
A18: # | B18: Операции | C18: Описание | E18: ОК | F18: Интервал | H18: Забой, м | I18: Время | J18: Окончание | K18: Забой, м | L18: Время Факт, ч | M18: НПВ, ч | N18: Откл | O18: Окончание | P18: Примечание | Q18: Забой, м | R18: Время | S18: Описание
F19: от | G19: до | O19: Факт/Прогноз
A20: 1 | B20: КНБК | C20: Сборка КНБК | E20: 245 | F20: 0 | H20: =G20 -> 0 | I20: 0.5 | J20: =N3+I20/24 -> 45499.646 | K20: 0 | L20: 0.25 | N20: =IF(L20="","",L20-I20) -> -0.25 | O20: =IF(L20<>"",N3+L20/24,N3+I20/24) -> 45499.635 | Q20: 0 | R20: 0.5
A21: =A20+1 -> 2 | B21: Бурение | C21: Бурение под направление | E21: 245 | F21: =F20 -> 0 | G21: =E5 -> 80 | H21: =G21 -> 80 | I21: 2 | J21: =IF(I21<>"",J20+I21/24,"") -> 45499.729 | K21: 80 | L21: 1 | N21: =IF(L21="","",L21-I21) -> -1 | O21: =IF(L21<>"",O20+L21/24,O20+I21/24) -> 45499.677 | Q21: 80 | R21: 2
A22: 3 | B22: Шаблонирование / проработка | C22: Шаблонирование перед спуском | E22: 245 | F22: =F21 -> 0 | G22: =G21 -> 80 | H22: =H21 -> 80 | I22: 1 | J22: =IF(I22<>"",J21+I22/24,"") -> 45499.771 | K22: 80 | L22: 0.5 | N22: =IF(L22="","",L22-I22) -> -0.5 | O22: =IF(L22<>"",O21+L22/24,O21+I22/24) -> 45499.698 | Q22: 80 | R22: 1
A23: =A22+1 -> 4 | B23: КНБК | C23: Разборка КНБК | E23: 245 | H23: =H22 -> 80 | I23: 0.5 | J23: =IF(I23<>"",J22+I23/24,"") -> 45499.792 | K23: 80 | L23: 0.5 | N23: =IF(L23="","",L23-I23) -> 0 | O23: =IF(L23<>"",O22+L23/24,O22+I23/24) -> 45499.719 | Q23: 80 | R23: 0.5
A24: 5 | B24: Подготовительные работы | C24: ПР к спуску направления 245 мм | E24: 245 | H24: =H23 -> 80 | I24: 0.5 | J24: =IF(I24<>"",J23+I24/24,"") -> 45499.812 | K24: 80 | L24: 0.25 | N24: =IF(L24="","",L24-I24) -> -0.25 | O24: =IF(L24<>"",O23+L24/24,O23+I24/24) -> 45499.729 | Q24: 80 | R24: 0.5
A25: 6 | B25: Крепление | C25: Спуск направления | E25: 245 | F25: =F20 -> 0 | G25: 80 | H25: =H24 -> 80 | I25: 2 | J25: =IF(I25<>"",J24+I25/24,"") -> 45499.896 | K25: 80 | L25: 1.25 | N25: =IF(L25="","",L25-I25) -> -0.75 | O25: =IF(L25<>"",O24+L25/24,O24+I25/24) -> 45499.781 | Q25: 80 | R25: 2
A26: 7 | B26: Циркуляция и Обработка БР | C26: Промывка перед цементажем | E26: 245 | H26: =H25 -> 80 | I26: 0.5 | J26: =IF(I26<>"",J25+I26/24,"") -> 45499.917 | K26: 80 | L26: 0.25 | N26: =IF(L26="","",L26-I26) -> -0.25 | O26: =IF(L26<>"",O25+L26/24,O25+I26/24) -> 45499.792 | Q26: 80 | R26: 0.5
A27: 8 | B27: Крепление | C27: Цементаж направления 245мм | E27: 245 | H27: =H26 -> 80 | I27: 1.5 | J27: =IF(I27<>"",J26+I27/24,"") -> 45499.979 | K27: 80 | L27: 1 | N27: =IF(L27="","",L27-I27) -> -0.5 | O27: =IF(L27<>"",O26+L27/24,O26+I27/24) -> 45499.833 | Q27: 80 | R27: 1.5
A28: 9 | B28: Крепление | C28: ОЗЦ Вывоз БР после бурения направления, Заготовка БР (5ч). Оборудование устья (3ч). | E28: 245 | H28: =H27 -> 80 | I28: 8 | J28: =IF(I28<>"",J27+I28/24,"") -> 45500.312 | K28: 80 | L28: 5 | N28: =IF(L28="","",L28-I28) -> -3 | O28: =IF(L28<>"",O27+L28/24,O27+I28/24) -> 45500.042 | Q28: 80 | R28: 8 | Z28: ч
A29: 10 | B29: ПВО | C29: Монтаж ПВО (6ч). Опрессовка глухих плашек ППГ, БГ, БД, выкидных линий, крестовины с коренными задвижками, ЗБР (1,5ч). | E29: 245 | H29: =H28 -> 80 | I29: 7.5 | J29: =IF(I29<>"",J28+I29/24,"") -> 45500.625 | K29: 80 | L29: 2 | N29: =IF(L29="","",L29-I29) -> -5.5 | O29: =IF(L29<>"",O28+L29/24,O28+I29/24) -> 45500.125 | Q29: 80 | R29: 7.5
A30: 11 | B30: КНБК | C30: Сборка КНБК для бурения. | E30: 178 | H30: =H29 -> 80 | I30: 3 | J30: =IF(I30<>"",J29+I30/24,"") -> 45500.75 | K30: 80 | L30: 2 | N30: =IF(L30="","",L30-I30) -> -1 | O30: =IF(L30<>"",O29+L30/24,O29+I30/24) -> 45500.208 | Q30: 80 | R30: 3
A31: 12 | B31: СПО | C31: Cпуск КНБК (1ч). Опрессовка трубных плашек, ПУГ (1ч). | E31: 178 | F31: 0 | G31: =G25 -> 80 | H31: =H29 -> 80 | I31: 2 | J31: =IF(I31<>"",J30+I31/24,"") -> 45500.833 | K31: 80 | L31: 0.75 | N31: =IF(L31="","",L31-I31) -> -1.25 | O31: =IF(L31<>"",O30+L31/24,O30+I31/24) -> 45500.24 | Q31: 80 | R31: 2 | AF31: м/ч бур
A32: 13 | B32: Бурение | C32: Разбурка оснастки (ЦКОД, цем.стакан, БК) Чистка ЦСГО. | E32: 178 | F32: =G31 -> 80 | G32: =E5+2 -> 82 | H32: =G32 -> 82 | I32: 2 | J32: =IF(I32<>"",J31+I32/24,"") -> 45500.917 | K32: 80 | L32: 0.25 | N32: =IF(L32="","",L32-I32) -> -1.75 | O32: =IF(L32<>"",O31+L32/24,O31+I32/24) -> 45500.25 | Q32: 82 | R32: 2 | U32: Н | V32: П | X32: Ф | Z32: св | AA32: наращ | AB32: замер | AC32: ориент | AD32: Прор | AE32: пром | AF32: 70 | AH32: сум бур
A33: 14 | B33: Бурение | C33: Бурение под кондуктор (прокачка укрепляющих пачек ч/з каждые 150-200м) | E33: 178 | F33: =H32 -> 82 | G33: 1500 | H33: =G33 -> 1500 | I33: 32 | J33: =IF(I33<>"",J32+I33/24,"") -> 45502.25 | K33: 1408 | L33: 24.75 | N33: =IF(L33="","",L33-I33) -> -7.25 | O33: =IF(L33<>"",O32+L33/24,O32+I33/24) -> 45501.281 | Q33: =H33 -> 1500 | R33: 32 | U33: 32 | V33: =(G33-F33)/I33 -> 44.3125 | X33: =(K33-K32)/(L33-M33) -> 53.656566 | Z33: =(G33-F33)/25.5 -> 55.607843 | AA33: =Z33*0.15*$E$15 -> 0 | AB33: =Z33*5/60 -> 4.6339869 | AC33: =(G33-F33)*0.33/8*5/60 -> 4.874375 | AE33: =(300^2-127^2)*3.14/4/10^6*200/70/60*1000 -> 2.7613683 | AF33: =(G33-F33)/AF32 -> 20.257143 | AH33: =SUM(AA33:AF33) -> 32.526873
A34: 15 | B34: Циркуляция и Обработка БР | C34: Промывка за 50 м до Хантымансийской свиты | E34: 178 | H34: =H33 -> 1500 | I34: 2.5 | J34: =IF(I34<>"",J33+I34/24,"") -> 45502.354 | K34: 1408 | L34: 0.5 | N34: =IF(L34="","",L34-I34) -> -2 | O34: =IF(L34<>"",O33+L34/24,O33+I34/24) -> 45501.302 | Q34: =Q33 -> 1500 | R34: 2.5 | Z34: ч
A35: 16 | B35: Шаблонирование / проработка | C35: Шаблонирование (подъем) (по согласованию с РН по ТСБ) | E35: 178 | F35: =G33 -> 1500 | H35: =H34 -> 1500 | I35: 7 | J35: =IF(I35<>"",J34+I35/24,"") -> 45502.646 | K35: 1408 | L35: 0 | N35: =IF(L35="","",L35-I35) -> -7 | O35: =IF(L35<>"",O34+L35/24,O34+I35/24) -> 45501.302 | Q35: =Q34 -> 1500 | R35: 7 | U35: 200 | V35: =(G35-F35)/I35 -> -214.28571 | X35: =(K35-K32)/(L35-M35) -> #DIV/0! | Z35: =ROUNDDOWN(0.089*$E$15*(F35-G35)/25.5,2) -> 0
A36: 17 | B36: Шаблонирование / проработка | C36: Шаблонирование (спуск) (по согласованию с РН по ТСБ) | E36: 178 | F36: 80 | G36: =G33 -> 1500 | H36: =H35 -> 1500 | I36: 6 | J36: =IF(I36<>"",J35+I36/24,"") -> 45502.896 | K36: 1408 | L36: 0 | N36: =IF(L36="","",L36-I36) -> -6 | O36: =IF(L36<>"",O35+L36/24,O35+I36/24) -> 45501.302 | Q36: =Q35 -> 1500 | R36: 6 | U36: 250 | V36: =(G36-F36)/I36 -> 236.66667 | X36: =(K36-K32)/(L36-M36) -> #DIV/0! | Z36: =ROUNDDOWN(0.085*$E$15*(G36-F36)/25.5,2) -> 0
A37: 18 | B37: Циркуляция и Обработка БР | C37: Промывка. Обновление БР (замещение) (по согласованию с РН по ТСБ) | E37: 178 | H37: =H36 -> 1500 | I37: 2 | J37: =IF(I37<>"",J36+I37/24,"") -> 45502.979 | K37: 1408 | L37: 0 | N37: =IF(L37="","",L37-I37) -> -2 | O37: =IF(L37<>"",O36+L37/24,O36+I37/24) -> 45501.302 | Q37: =Q36 -> 1500 | R37: 2
A38: 19 | B38: Бурение | C38: Бурение под кондуктор наращ.св. (прокачка укрепляющих пачек ч/з каждые 150-200м) | E38: 178 | F38: =G33 -> 1500 | G38: 2100 | H38: =G38 -> 2100 | I38: 34 | J38: =IF(I38<>"",J37+I38/24,"") -> 45504.396 | K38: 2024 | L38: 23.75 | N38: =IF(L38="","",L38-I38) -> -10.25 | O38: =IF(L38<>"",O37+L38/24,O37+I38/24) -> 45502.292 | Q38: =H38 -> 2100 | R38: 34 | U38: 270 | V38: =(G38-F38)/I38 -> 17.647059 | X38: =K38/(L38-M38) -> 85.221053
A39: 20 | B39: Циркуляция и Обработка БР | C39: Промывка за 50 м до Алымской свиты | E39: 178 | H39: 2060 | I39: 2 | J39: =IF(I39<>"",J38+I39/24,"") -> 45504.479 | K39: 2024 | L39: 0.5 | N39: =IF(L39="","",L39-I39) -> -1.5 | O39: =IF(L39<>"",O38+L39/24,O38+I39/24) -> 45502.312 | Q39: 2060 | R39: 2
A40: 21 | B40: Бурение | C40: Бурение под кондуктор наращ.св. (прокачка укрепляющих пачек ч/з каждые 150-200м) | E40: 178 | F40: =G38 -> 2100 | G40: =E6 -> 2543.15 | H40: =G40 -> 2543.15 | I40: 34 | J40: =IF(I40<>"",J39+I40/24,"") -> 45505.896 | K40: 2543 | L40: 27.75 | N40: =IF(L40="","",L40-I40) -> -6.25 | O40: =IF(L40<>"",O39+L40/24,O39+I40/24) -> 45503.469 | Q40: =H40 -> 2543.15 | R40: 34
A41: 22 | B41: Циркуляция и Обработка БР | C41: Промывка | E41: 178 | H41: =H40 -> 2543.15 | I41: 3 | J41: =IF(I41<>"",J40+I41/24,"") -> 45506.021 | K41: 2543 | L41: 1.75 | N41: =IF(L41="","",L41-I41) -> -1.25 | O41: =IF(L41<>"",O40+L41/24,O40+I41/24) -> 45503.542 | Q41: =Q40 -> 2543.15 | R41: 3
A42: 23 | B42: СПО | C42: Шаблонировка. Подъем КНБК | E42: 178 | F42: =G40 -> 2543.15 | G42: 80 | H42: =H41 -> 2543.15 | I42: 10 | J42: =IF(I42<>"",J41+I42/24,"") -> 45506.438 | K42: 2543 | L42: 4.25 | N42: =IF(L42="","",L42-I42) -> -5.75 | O42: =IF(L42<>"",O41+L42/24,O41+I42/24) -> 45503.719 | Q42: =Q41 -> 2543.15 | R42: 10
A43: 24 | B43: СПО | C43: Шаблонировка. Спуск КНБК, промывки на 750м, 1500м, 2050м | E43: 178 | F43: 80 | G43: =F42 -> 2543.15 | H43: =H42 -> 2543.15 | I43: 9 | J43: =IF(I43<>"",J42+I43/24,"") -> 45506.812 | K43: 2543 | L43: 3.75 | N43: =IF(L43="","",L43-I43) -> -5.25 | O43: =IF(L43<>"",O42+L43/24,O42+I43/24) -> 45503.875 | Q43: =Q42 -> 2543.15 | R43: 9
A44: 25 | B44: Крепление | C44: Промывка. Установка смазывающей пачки | E44: 178 | H44: =H43 -> 2543.15 | I44: 3 | J44: =IF(I44<>"",J43+I44/24,"") -> 45506.938 | K44: 2543 | L44: 3.5 | N44: =IF(L44="","",L44-I44) -> 0.5 | O44: =IF(L44<>"",O43+L44/24,O43+I44/24) -> 45504.021 | Q44: =Q43 -> 2543.15 | R44: 3
A45: 26 | B45: Крепление | C45: Подъем КНБК | E45: 178 | H45: =H44 -> 2543.15 | I45: 9 | J45: =IF(I45<>"",J44+I45/24,"") -> 45507.312 | K45: 2543 | L45: 10.75 | N45: =IF(L45="","",L45-I45) -> 1.75 | O45: =IF(L45<>"",O44+L45/24,O44+I45/24) -> 45504.469 | Q45: =Q44 -> 2543.15 | R45: 9
A46: 27 | B46: Вспомогательные работы | C46: Разборка КНБК | E46: 178 | H46: =H45 -> 2543.15 | I46: 3 | J46: =IF(I46<>"",J45+I46/24,"") -> 45507.438 | K46: 2543 | L46: 1.25 | N46: =IF(L46="","",L46-I46) -> -1.75 | O46: =IF(L46<>"",O45+L46/24,O45+I46/24) -> 45504.521 | Q46: =Q45 -> 2543.15 | R46: 3
A47: 28 | B47: Подготовительные работы | C47: ПЗР к спуску 178мм ОК | E47: 178 | H47: =H46 -> 2543.15 | I47: 1 | J47: =IF(I47<>"",J46+I47/24,"") -> 45507.479 | K47: 2543 | L47: 1 | N47: =IF(L47="","",L47-I47) -> 0 | O47: =IF(L47<>"",O46+L47/24,O46+I47/24) -> 45504.562 | Q47: =Q46 -> 2543.15 | R47: 1
A48: 29 | B48: Крепление | C48: Спуск 178мм ОК с промывками | E48: 178 | H48: =H47 -> 2543.15 | I48: 18 | J48: =IF(I48<>"",J47+I48/24,"") -> 45508.229 | K48: 2543 | L48: 13 | N48: =IF(L48="","",L48-I48) -> -5 | O48: =IF(L48<>"",O47+L48/24,O47+I48/24) -> 45505.104 | Q48: =Q47 -> 2543.15 | R48: 18 | Z48: ч
A49: 30 | B49: Циркуляция и Обработка БР | C49: Промывка | E49: 178 | H49: =H48 -> 2543.15 | I49: 2 | J49: =IF(I49<>"",J48+I49/24,"") -> 45508.312 | K49: 2543 | L49: 2 | N49: =IF(L49="","",L49-I49) -> 0 | O49: =IF(L49<>"",O48+L49/24,O48+I49/24) -> 45505.188 | Q49: =Q48 -> 2543.15 | R49: 2 | U49: =60/(3.5)*11.3 -> 193.71429 | V49: =(G49-F49)/I49 -> 0 | X49: =K49/(L49-M49) -> 1271.5 | Z49: =(G49-F49)/U49 -> 0
A50: 31 | B50: Крепление | C50: Цементирование 178мм ОК | E50: 178 | H50: =H49 -> 2543.15 | I50: 4 | J50: =IF(I50<>"",J49+I50/24,"") -> 45508.479 | K50: 2543 | L50: 4 | N50: =IF(L50="","",L50-I50) -> 0 | O50: =IF(L50<>"",O49+L50/24,O49+I50/24) -> 45505.354 | Q50: =Q49 -> 2543.15 | R50: 4
A51: 32 | B51: Крепление | C51: Перемонтаж (Демонтаж ПВО ( переоборудование устья скважины), чистка емкостей, вывоз/заготовка РУО | E51: 178 | H51: =H50 -> 2543.15 | I51: 4 | J51: =IF(I51<>"",J50+I51/24,"") -> 45508.646 | K51: 2543 | L51: 2 | N51: =IF(L51="","",L51-I51) -> -2 | O51: =IF(L51<>"",O50+L51/24,O50+I51/24) -> 45505.438 | Q51: =Q50 -> 2543.15 | R51: 4
A52: 33 | B52: Крепление | C52: Перемонтаж (Монтаж ПВО повторный (смена плашек ПВО), ЗБР, чистка емкостей, вывоз/заготовка РУО | E52: 178 | H52: =H51 -> 2543.15 | I52: 6 | J52: =IF(I52<>"",J51+I52/24,"") -> 45508.896 | K52: 2543 | L52: 2 | N52: =IF(L52="","",L52-I52) -> -4 | O52: =IF(L52<>"",O51+L52/24,O51+I52/24) -> 45505.521 | Q52: =Q51 -> 2543.15 | R52: 6
A53: 34 | B53: Опрессовка | C53: Опрессовка ПВО, глухие, заготовка РУО, Монтаж устьевого поддона | E53: 178 | H53: =H52 -> 2543.15 | I53: 2.5 | J53: =IF(I53<>"",J52+I53/24,"") -> 45509 | K53: 2543 | L53: 2 | N53: =IF(L53="","",L53-I53) -> -0.5 | O53: =IF(L53<>"",O52+L53/24,O52+I53/24) -> 45505.604 | Q53: =Q52 -> 2543.15 | R53: 2.5 | U53: =60/(3+3)*12.5 -> 125 | V53: =(G53-F53)/I53 -> 0 | Z53: =(G53-F53)/U53 -> 0
A54: 35 | B54: Вспомогательные работы | C54: Опрессовка трубных плашек,ПУГ (1,5 ч). Заготовка РУО | E54: 178 | H54: =H53 -> 2543.15 | I54: 14 | J54: =IF(I54<>"",J53+I54/24,"") -> 45509.583 | K54: 2543 | L54: 2 | N54: =IF(L54="","",L54-I54) -> -12 | O54: =IF(L54<>"",O53+L54/24,O53+I54/24) -> 45505.688 | Q54: =Q53 -> 2543.15 | R54: 14
A55: 36 | B55: Вспомогательные работы | C55: Перетяжка талевого каната(6Ч) / замена. Обработка РУО, диспергация | E55: 178 | H55: =H54 -> 2543.15 | I55: 54 | J55: =IF(I55<>"",J54+I55/24,"") -> 45511.833 | K55: 2543 | L55: 36.75 | N55: =IF(L55="","",L55-I55) -> -17.25 | O55: =IF(L55<>"",O54+L55/24,O54+I55/24) -> 45507.219 | Q55: =Q54 -> 2543.15 | R55: 54 | Z55: ч
A56: 37 | B56: КНБК | C56: Сборка КНБК на бурение секции под хвостовик 127/114мм, заготовка БР | E56: 114 | H56: =H55 -> 2543.15 | I56: 5 | J56: =IF(I56<>"",J55+I56/24,"") -> 45512.042 | K56: 2543 | L56: 4 | N56: =IF(L56="","",L56-I56) -> -1 | O56: =IF(L56<>"",O55+L56/24,O55+I56/24) -> 45507.385 | Q56: =Q55 -> 2543.15 | R56: 5 | U56: =60/(3)*12.5 -> 250 | V56: =(G56-F56)/I56 -> 0 | Z56: =(G56-F56)/U56 -> 0
A57: 38 | B57: СПО | C57: Спуск КНБК со сборкой БИ 114 и промежуточными промывками,заготовка БР | E57: 114 | H57: =H56 -> 2543.15 | I57: 16 | J57: =IF(I57<>"",J56+I57/24,"") -> 45512.708 | K57: 2543 | L57: 5 | N57: =IF(L57="","",L57-I57) -> -11 | O57: =IF(L57<>"",O56+L57/24,O56+I57/24) -> 45507.594 | Q57: =Q56 -> 2543.15 | R57: 16 | AF57: м/ч бур
A58: 39 | B58: Циркуляция и Обработка БР | C58: Промывка, перезапись гаммы | E58: 114 | H58: =H57 -> 2543.15 | I58: 2 | J58: =IF(I58<>"",J57+I58/24,"") -> 45512.792 | K58: 2543 | L58: 0 | N58: =IF(L58="","",L58-I58) -> -2 | O58: =IF(L58<>"",O57+L58/24,O57+I58/24) -> 45507.594 | Q58: =Q57 -> 2543.15 | R58: 2 | Z58: св | AA58: наращ | AB58: замер | AC58: ориент | AD58: Прор | AE58: пром | AF58: 65 | AH58: сум | AI58: v ср
A59: 40 | B59: Бурение | C59: Перевод на РУО | E59: 114 | H59: =H58 -> 2543.15 | I59: 3 | J59: =IF(I59<>"",J58+I59/24,"") -> 45512.917 | K59: 2543 | L59: 3 | N59: =IF(L59="","",L59-I59) -> 0 | O59: =IF(L59<>"",O58+L59/24,O58+I59/24) -> 45507.719 | Q59: =Q58 -> 2543.15 | R59: 3 | U59: 30 | V59: =(G59-F59)/I59 -> 0 | X59: =(K59-K58)/(L59-M59) -> 0 | Z59: =(G59-F59)/25.5 -> 0 | AA59: =Z59*0.15*$E$15 -> 0 | AB59: =Z59*5/60 -> 0 | AC59: =(G59-F59)*0.2/8*8/60 -> 0 | AD59: =Z59*3*25.5/1000 -> 0 | AE59: =(220.7^2-127^2)*3.14/4/10^6*200/40/60/60*1000*Z59 -> 0 | AF59: =(G59-F59)/AF58 -> 0 | AH59: =SUM(AA59:AF59) -> 0
A60: 41 | B60: Бурение | C60: Разбурка оснастки (ЦКОД, цем.стакан, БК) | E60: 114 | H60: =H59 -> 2543.15 | I60: 2 | J60: =IF(I60<>"",J59+I60/24,"") -> 45513 | K60: 2543 | L60: 2 | N60: =IF(L60="","",L60-I60) -> 0 | O60: =IF(L60<>"",O59+L60/24,O59+I60/24) -> 45507.802 | Q60: =Q59 -> 2543.15 | R60: 2 | AF60: 55
A61: 42 | B61: Циркуляция и Обработка БР | C61: Чистка ЦСГО | E61: 114 | H61: =H60 -> 2543.15 | I61: 1 | J61: =IF(I61<>"",J60+I61/24,"") -> 45513.042 | K61: 2543 | L61: 1 | N61: =IF(L61="","",L61-I61) -> 0 | O61: =IF(L61<>"",O60+L61/24,O60+I61/24) -> 45507.844 | Q61: =Q60 -> 2543.15 | R61: 1 | U61: 27 | V61: =(G61-F61)/I61 -> 0 | X61: =(K61-K60)/(L61-M61) -> 0 | Z61: =(G61-F61)/25.5 -> 0 | AA61: =Z61*0.15*$E$15 -> 0 | AB61: =Z61*5/60 -> 0 | AC61: =(G61-F61)*0.6/8*5/60 -> 0 | AD61: =Z61*3*25.5/1000 -> 0 | AE61: =(220.7^2-127^2)*3.14/4/10^6*200/40/60/60*1000*Z61 -> 0 | AF61: =(G61-F61)/AF60 -> 0 | AH61: =SUM(AA61:AF61) -> 0
A62: 43 | B62: Бурение | C62: Бурение до Т1-50 м (прокачка укрепляющих пачек ч/з каждые 100 м). | E62: 114 | F62: =G43 -> 2543.15 | G62: =E7-50 -> 3110 | H62: =G62 -> 3110 | I62: 46 | J62: =IF(I62<>"",J61+I62/24,"") -> 45514.958 | K62: 3107 | L62: 34.5 | N62: =IF(L62="","",L62-I62) -> -11.5 | O62: =IF(L62<>"",O61+L62/24,O61+I62/24) -> 45509.281 | Q62: =H62 -> 3110 | R62: 46 | AF62: 45
A63: 44 | B63: Циркуляция и Обработка БР | C63: Промывка 1,5 Ц | E63: 114 | H63: =H62 -> 3110 | I63: 2 | J63: =IF(I63<>"",J62+I63/24,"") -> 45515.042 | K63: 3107 | L63: 0.75 | N63: =IF(L63="","",L63-I63) -> -1.25 | O63: =IF(L63<>"",O62+L63/24,O62+I63/24) -> 45509.312 | Q63: =Q62 -> 3110 | R63: 2 | U63: 22 | V63: =(G63-F63)/I63 -> 0 | X63: =(K63-K62)/(L63-M63) -> 0 | Z63: =(G63-F63)/25.5 -> 0 | AA63: =Z63*0.15*$E$15 -> 0 | AB63: =Z63*5/60 -> 0 | AC63: =(G63-F63)*0.2/8*5/60 -> 0 | AD63: =Z63*3*25.5/1000 -> 0 | AE63: =(220.7^2-127^2)*3.14/4/10^6*200/40/60/60*1000*Z63 -> 0 | AF63: =(G63-F63)/AF62 -> 0 | AH63: =SUM(AA63:AF63) -> 0
A64: 45 | B64: Вспомогательные работы | C64: Учебно-тренировочные занятия (УТЗ) | E64: 114 | H64: =H63 -> 3110 | I64: 1 | J64: =IF(I64<>"",J63+I64/24,"") -> 45515.083 | K64: 3107 | L64: 0.5 | N64: =IF(L64="","",L64-I64) -> -0.5 | O64: =IF(L64<>"",O63+L64/24,O63+I64/24) -> 45509.333 | Q64: =Q63 -> 3110 | R64: 1
A65: 46 | B65: Бурение | C65: Бурение горизонтального участка скважины (прокачка укрепляющих пачек ч/з каждые 100 м) | E65: 114 | F65: =G62 -> 3110 | G65: =E8 -> 4660 | H65: =G65 -> 4660 | I65: 130 | J65: =IF(I65<>"",J64+I65/24,"") -> 45520.5 | K65: 3501 | L65: 46 | M65: 14.5 | N65: =IF(L65="","",L65-I65) -> -84 | O65: =IF(L65<>"",O64+L65/24,O64+I65/24) -> 45511.25 | P65: НПВ №1. Внеплановое СПО (отказ т/с) | Q65: =H65 -> 4660 | R65: 130 | Z65: ч
A66: 47 | B66: Циркуляция и Обработка БР | C66: Промывка | E66: 114 | H66: =H65 -> 4660 | I66: 3 | J66: =IF(I66<>"",J65+I66/24,"") -> 45520.625 | N66: =IF(L66="","",L66-I66) | O66: =IF(L66<>"",O65+L66/24,O65+I66/24) -> 45511.375 | Q66: =Q65 -> 4660 | R66: 3 | U66: 200 | V66: =(G66-F66)/I66 -> 0 | X66: =(K66-K57)/(L66-M66) -> #DIV/0! | Z66: =ROUNDDOWN(0.089*$E$15*(F66-G66)/25.5,2) -> 0
A67: 48 | B67: СПО | C67: Подъем БИ в БК Ø178мм | E67: 114 | H67: =H66 -> 4660 | I67: 7 | J67: =IF(I67<>"",J66+I67/24,"") -> 45520.917 | N67: =IF(L67="","",L67-I67) | O67: =IF(L67<>"",O66+L67/24,O66+I67/24) -> 45511.667 | Q67: =Q66 -> 4660 | R67: 7 | U67: 250 | V67: =(G67-F67)/I67 -> 0 | X67: =(K67-K57)/(L67-M67) -> #DIV/0! | Z67: =ROUNDDOWN(0.085*$E$15*(G67-F67)/25.5,2) -> 0
A68: 49 | B68: СПО | C68: Сборка ТБТ 102 для спуска ХВ (кол-во по согласованию с ЦУСС), опрессовка, установка на подсвечник | E68: 114 | H68: =H67 -> 4660 | I68: 0 | J68: =IF(I68<>"",J67+I68/24,"") -> 45520.917 | N68: =IF(L68="","",L68-I68) | O68: =IF(L68<>"",O67+L68/24,O67+I68/24) -> 45511.667 | Q68: =Q67 -> 4660 | R68: 0 | AF68: 36
A69: 50 | B69: Шаблонирование / проработка | C69: Проработка в 2 этапа: 1 этап - прямая принудительная проработка; 2 этап - спуск на "сухую"(имитация спуска хвостовика) | E69: 114 | H69: =H68 -> 4660 | I69: 34 | J69: =IF(I69<>"",J68+I69/24,"") -> 45522.333 | N69: =IF(L69="","",L69-I69) | O69: =IF(L69<>"",O68+L69/24,O68+I69/24) -> 45513.083 | Q69: =Q68 -> 4660 | R69: 34 | U69: 17 | V69: =(G69-F69)/I69 -> 0 | X69: =(K69-K68)/(L69-M69) -> #DIV/0! | Z69: =(G69-F69)/25.5 -> 0 | AA69: =Z69*0.15*$E$15 -> 0 | AB69: =Z69*5/60 -> 0 | AC69: =(G69-F69)*0.6/8*5/60 -> 0 | AD69: =Z69*3*25.5/1000 -> 0 | AE69: =(220.7^2-127^2)*3.14/4/10^6*200/40/60/60*1000*Z69 -> 0 | AF69: =(G69-F69)/AF68 -> 0 | AH69: =SUM(AA69:AF69) -> 0
A70: 51 | B70: Циркуляция и Обработка БР | C70: Промывка, прокачка ВУС | E70: 114 | H70: =H69 -> 4660 | I70: 3.5 | J70: =IF(I70<>"",J69+I70/24,"") -> 45522.479 | N70: =IF(L70="","",L70-I70) | O70: =IF(L70<>"",O69+L70/24,O69+I70/24) -> 45513.229 | Q70: =Q69 -> 4660 | R70: 3.5
A71: 52 | B71: СПО | C71: Подъем КНБК, выброс СБТ-114 на мостки - 1500м (по согласованию с ЦУСС) | E71: 114 | H71: =H70 -> 4660 | I71: 14 | J71: =IF(I71<>"",J70+I71/24,"") -> 45523.062 | N71: =IF(L71="","",L71-I71) | O71: =IF(L71<>"",O70+L71/24,O70+I71/24) -> 45513.812 | Q71: =Q70 -> 4660 | R71: 14 | U71: 170 | V71: =(G71-F71)/I71 -> 0 | X71: =(K71-K57)/(L71-M71) -> #DIV/0!
A72: 53 | B72: КНБК | C72: Разборка КНБК | E72: 114 | H72: =H71 -> 4660 | I72: 4 | J72: =IF(I72<>"",J71+I72/24,"") -> 45523.229 | N72: =IF(L72="","",L72-I72) | O72: =IF(L72<>"",O71+L72/24,O71+I72/24) -> 45513.979 | Q72: =Q71 -> 4660 | R72: 4 | U72: 350 | V72: =(G72-F72)/I72 -> 0 | X72: =(K72-K56)/(L72-M72) -> #DIV/0!
A73: 54 | B73: Крепление | C73: ПЗР к спуску хвостовика | E73: 114 | H73: =H72 -> 4660 | I73: 1 | J73: =IF(I73<>"",J72+I73/24,"") -> 45523.271 | N73: =IF(L73="","",L73-I73) | O73: =IF(L73<>"",O72+L73/24,O72+I73/24) -> 45514.021 | Q73: =Q72 -> 4660 | R73: 1
A74: 55 | B74: Крепление | C74: Сборка хвостовика 127/114мм (согласно схеме) | E74: 114 | H74: =H73 -> 4660 | I74: 12 | J74: =IF(I74<>"",J73+I74/24,"") -> 45523.771 | N74: =IF(L74="","",L74-I74) | O74: =IF(L74<>"",O73+L74/24,O73+I74/24) -> 45514.521 | Q74: =Q73 -> 4660 | R74: 12
A75: 56 | B75: Крепление | C75: Спуск хвостовика 127/114мм на БИ свечами | E75: 114 | H75: =H74 -> 4660 | I75: 12 | J75: =IF(I75<>"",J74+I75/24,"") -> 45524.271 | N75: =IF(L75="","",L75-I75) | O75: =IF(L75<>"",O74+L75/24,O74+I75/24) -> 45515.021 | Q75: =Q74 -> 4660 | R75: 12
A76: 57 | B76: Циркуляция и Обработка БР | C76: Промывка | E76: 114 | H76: =H75 -> 4660 | I76: 2 | J76: =IF(I76<>"",J75+I76/24,"") -> 45524.354 | N76: =IF(L76="","",L76-I76) | O76: =IF(L76<>"",O75+L76/24,O75+I76/24) -> 45515.104 | Q76: =Q75 -> 4660 | R76: 2
A77: 58 | B77: Крепление | C77: Активация оснастки, подвешивание хвостовика и окрытие цементировочных отверстий, разъединение уст.инструмента. Закачка: тех.вода (V затр хв до МЦ)+шар+тех.вода (V тр хв до МЦ)+продавка БР - предварительно согласовать с ЦУСС | E77: 114 | H77: =H76 -> 4660 | I77: 6 | J77: =IF(I77<>"",J76+I77/24,"") -> 45524.604 | N77: =IF(L77="","",L77-I77) | O77: =IF(L77<>"",O76+L77/24,O76+I77/24) -> 45515.354 | Q77: =Q76 -> 4660 | R77: 6
A78: 59 | B78: Крепление | C78: Промывка. Перевод на Жидкость заканчивания | E78: 114 | H78: =H77 -> 4660 | I78: 3 | J78: =IF(I78<>"",J77+I78/24,"") -> 45524.729 | N78: =IF(L78="","",L78-I78) | O78: =IF(L78<>"",O77+L78/24,O77+I78/24) -> 45515.479 | Q78: =Q77 -> 4660 | R78: 3
A79: 60 | B79: СПО | C79: Подъем БИ с выбросом на мостки | E79: 114 | H79: =H78 -> 4660 | I79: 10 | J79: =IF(I79<>"",J78+I79/24,"") -> 45525.146 | N79: =IF(L79="","",L79-I79) | O79: =IF(L79<>"",O78+L79/24,O78+I79/24) -> 45515.896 | Q79: =Q78 -> 4660 | R79: 10
A80: 61 | B80: ПВО | C80: Демонтаж ПВО | E80: 114 | H80: =H79 -> 4660 | I80: 4 | J80: =IF(I80<>"",J79+I80/24,"") -> 45525.312 | N80: =IF(L80="","",L80-I80) | O80: =IF(L80<>"",O79+L80/24,O79+I80/24) -> 45516.062 | Q80: =Q79 -> 4660 | R80: 4
A81: 62 | B81: СПО | C81: Спуск стингера со сборкой БИ с мостков | E81: 114 | H81: =H80 -> 4660 | I81: 24 | J81: =IF(I81<>"",J80+I81/24,"") -> 45526.312 | N81: =IF(L81="","",L81-I81) | O81: =IF(L81<>"",O80+L81/24,O80+I81/24) -> 45517.062 | Q81: =Q80 -> 4660 | R81: 24
A82: 63 | B82: Заключительные работы | C82: Монтаж, опрессовка ФА | E82: 114 | H82: =H81 -> 4660 | I82: 3 | J82: =IF(I82<>"",J81+I82/24,"") -> 45526.438 | N82: =IF(L82="","",L82-I82) | O82: =IF(L82<>"",O81+L82/24,O81+I82/24) -> 45517.188 | Q82: =Q81 -> 4660 | R82: 3
B83: ТО | C83: 5% времени на ТО БУ | I83: =SUM(I20:I82)*0.05 -> 32.175 | J83: =IF(I83<>"",J82+I83/24,"") -> 45527.778 | N83: =IF(L83="","",L83-I83) | O83: =IF(L83<>"",O82+L83/24,O82+I83/24) -> 45518.528 | R83: =SUM(R20:R82)*0.05 -> 32.175
C84: Итого, сут.: | I84: =SUM(I20:I83)/24 -> 28.153125 | L84: =SUM(L20:L82)/24 -> 11.625 | M84: =SUM(M20:M82)/24 -> 0.60416667 | N84: =SUM(N20:N82)/24 -> -9.25 | O84: =O82 -> 45517.188 | R84: =SUM(R20:R83)/24 -> 28.153125
N302: ЭЦН низ

Sheet Для Печати
A1: Сетевой график "Глубина-день"
B2: Компания | C2: ='Глубина-день'!C3 -> ООО "Газпромнефть-Хантос"
B3: Месторождение | C3: ='Глубина-день'!C4 -> Южно-Приобское
B4: Кустовая площадка | C4: ='Глубина-день'!C5 -> 134В.1 ЮПМ
B5: Скважина № | C5: ='Глубина-день'!C6 -> 43820
B6: Руководитель направления | C6: ='Глубина-день'!C7 -> 2КК, ГС без ПС
B7: Супервайзер АО "НИПЦ ГНТ" | C7: =IF('Глубина-день'!C8="","",'Глубина-день'!C8) -> Богомягков В.А.
C8: =IF('Глубина-день'!C9="","",'Глубина-день'!C9)
C9: =IF('Глубина-день'!C10="","",'Глубина-день'!C10)
B10: Дата начала бурения | C10: =IF('глубина-день'!#ref!="","",'глубина-день'!#ref!) -> #VALUE!
A11: ='Глубина-день'!A17:E17 -> Операции | E11: ='Глубина-день'!F17:R17 -> #VALUE! | M11: ='Глубина-день'!K17:P17 -> 0
A12: # | B12: Операции | C12: Описание | D12: Секция | E12: Инт. 1 | F12: Инт. 2 | G12: Проходка | H12: Забой | I12: Время | J12: Дата окончания | K12: РГ | L12: БнБ | M12: Забой | N12: Время Факт | O12: Примечание
A13: =IF('Глубина-день'!A20="","",'Глубина-день'!A20) -> 1 | B13: =IF('Глубина-день'!B20="","",'Глубина-день'!B20) -> КНБК | C13: =IF('Глубина-день'!C20="","",'Глубина-день'!C20) -> Сборка КНБК | D13: =IF('Глубина-день'!E20="","",'Глубина-день'!E20) -> 245 | E13: =IF('Глубина-день'!F20="","",'Глубина-день'!F20) -> 0 | F13: =IF('Глубина-день'!G20="","",'Глубина-день'!G20) | G13: =IF('глубина-день'!#ref!="","",'глубина-день'!#ref!) -> #VALUE! | H13: =IF('Глубина-день'!H20="","",'Глубина-день'!H20) -> 0 | I13: =IF('Глубина-день'!I20="","",'Глубина-день'!I20) -> 0.5 | J13: =IF('Глубина-день'!J20="","",'Глубина-день'!J20) -> 45499.646 | K13: =IF('Глубина-день'!R20="","",'Глубина-день'!R20) -> 0.5 | L13: =IF('глубина-день'!#ref!="","",'глубина-день'!#ref!) -> #VALUE!
A14: =IF('Глубина-день'!A21="","",'Глубина-день'!A21) -> 2 | B14: =IF('Глубина-день'!B21="","",'Глубина-день'!B21) -> Бурение | C14: =IF('Глубина-день'!C21="","",'Глубина-день'!C21) -> Бурение под направление | D14: =IF('Глубина-день'!E21="","",'Глубина-день'!E21) -> 245 | E14: =IF('Глубина-день'!F21="","",'Глубина-день'!F21) -> 0 | F14: =IF('Глубина-день'!G21="","",'Глубина-день'!G21) -> 80 | G14: =IF('глубина-день'!#ref!="","",'глубина-день'!#ref!) -> #VALUE! | H14: =IF('Глубина-день'!H21="","",'Глубина-день'!H21) -> 80 | I14: =IF('Глубина-день'!I21="","",'Глубина-день'!I21) -> 2 | J14: =IF('Глубина-день'!J21="","",'Глубина-день'!J21) -> 45499.729 | K14: =IF('Глубина-день'!R21="","",'Глубина-день'!R21) -> 2 | L14: =IF('глубина-день'!#ref!="","",'глубина-день'!#ref!) -> #VALUE!
A15: =IF('Глубина-день'!A22="","",'Глубина-день'!A22) -> 3 | B15: =IF('Глубина-день'!B22="","",'Глубина-день'!B22) -> Шаблонирование / проработка | C15: =IF('Глубина-день'!C22="","",'Глубина-день'!C22) -> Шаблонирование перед спуском | D15: =IF('Глубина-день'!E22="","",'Глубина-день'!E22) -> 245 | E15: =IF('Глубина-день'!F22="","",'Глубина-день'!F22) -> 0 | F15: =IF('Глубина-день'!G22="","",'Глубина-день'!G22) -> 80 | G15: =IF('глубина-день'!#ref!="","",'глубина-день'!#ref!) -> #VALUE! | H15: =IF('Глубина-день'!H22="","",'Глубина-день'!H22) -> 80 | I15: =IF('Глубина-день'!I22="","",'Глубина-день'!I22) -> 1 | J15: =IF('Глубина-день'!J22="","",'Глубина-день'!J22) -> 45499.771 | K15: =IF('Глубина-день'!R22="","",'Глубина-день'!R22) -> 1 | L15: =IF('глубина-день'!#ref!="","",'глубина-день'!#ref!) -> #VALUE!
A16: =IF('Глубина-день'!A23="","",'Глубина-день'!A23) -> 4 | B16: =IF('Глубина-день'!B23="","",'Глубина-день'!B23) -> КНБК | C16: =IF('Глубина-день'!C23="","",'Глубина-день'!C23) -> Разборка КНБК | D16: =IF('Глубина-день'!E23="","",'Глубина-день'!E23) -> 245 | E16: =IF('Глубина-день'!F23="","",'Глубина-день'!F23) | F16: =IF('Глубина-день'!G23="","",'Глубина-день'!G23) | G16: =IF('глубина-день'!#ref!="","",'глубина-день'!#ref!) -> #VALUE! | H16: =IF('Глубина-день'!H23="","",'Глубина-день'!H23) -> 80 | I16: =IF('Глубина-день'!I23="","",'Глубина-день'!I23) -> 0.5 | J16: =IF('Глубина-день'!J23="","",'Глубина-день'!J23) -> 45499.792 | K16: =IF('Глубина-день'!R23="","",'Глубина-день'!R23) -> 0.5 | L16: =IF('глубина-день'!#ref!="","",'глубина-день'!#ref!) -> #VALUE!
A17: =IF('Глубина-день'!A24="","",'Глубина-день'!A24) -> 5 | B17: =IF('Глубина-день'!B24="","",'Глубина-день'!B24) -> Подготовительные работы | C17: =IF('Глубина-день'!C24="","",'Глубина-день'!C24) -> ПР к спуску направления 245 мм | D17: =IF('Глубина-день'!E24="","",'Глубина-день'!E24) -> 245 | E17: =IF('Глубина-день'!F24="","",'Глубина-день'!F24) | F17: =IF('Глубина-день'!G24="","",'Глубина-день'!G24) | G17: =IF('глубина-день'!#ref!="","",'глубина-день'!#ref!) -> #VALUE! | H17: =IF('Глубина-день'!H24="","",'Глубина-день'!H24) -> 80 | I17: =IF('Глубина-день'!I24="","",'Глубина-день'!I24) -> 0.5 | J17: =IF('Глубина-день'!J24="","",'Глубина-день'!J24) -> 45499.812 | K17: =IF('Глубина-день'!R24="","",'Глубина-день'!R24) -> 0.5 | L17: =IF('глубина-день'!#ref!="","",'глубина-день'!#ref!) -> #VALUE!
A18: =IF('Глубина-день'!A25="","",'Глубина-день'!A25) -> 6 | B18: =IF('Глубина-день'!B25="","",'Глубина-день'!B25) -> Крепление | C18: =IF('Глубина-день'!C25="","",'Глубина-день'!C25) -> Спуск направления | D18: =IF('Глубина-день'!E25="","",'Глубина-день'!E25) -> 245 | E18: =IF('Глубина-день'!F25="","",'Глубина-день'!F25) -> 0 | F18: =IF('Глубина-день'!G25="","",'Глубина-день'!G25) -> 80 | G18: =IF('глубина-день'!#ref!="","",'глубина-день'!#ref!) -> #VALUE! | H18: =IF('Глубина-день'!H25="","",'Глубина-день'!H25) -> 80 | I18: =IF('Глубина-день'!I25="","",'Глубина-день'!I25) -> 2 | J18: =IF('Глубина-день'!J25="","",'Глубина-день'!J25) -> 45499.896 | K18: =IF('Глубина-день'!R25="","",'Глубина-день'!R25) -> 2 | L18: =IF('глубина-день'!#ref!="","",'глубина-день'!#ref!) -> #VALUE!
A19: =IF('Глубина-день'!A26="","",'Глубина-день'!A26) -> 7 | B19: =IF('Глубина-день'!B26="","",'Глубина-день'!B26) -> Циркуляция и Обработка БР | C19: =IF('Глубина-день'!C26="","",'Глубина-день'!C26) -> Промывка перед цементажем | D19: =IF('Глубина-день'!E26="","",'Глубина-день'!E26) -> 245 | E19: =IF('Глубина-день'!F26="","",'Глубина-день'!F26) | F19: =IF('Глубина-день'!G26="","",'Глубина-день'!G26) | G19: =IF('глубина-день'!#ref!="","",'глубина-день'!#ref!) -> #VALUE! | H19: =IF('Глубина-день'!H26="","",'Глубина-день'!H26) -> 80 | I19: =IF('Глубина-день'!I26="","",'Глубина-день'!I26) -> 0.5 | J19: =IF('Глубина-день'!J26="","",'Глубина-день'!J26) -> 45499.917 | K19: =IF('Глубина-день'!R26="","",'Глубина-день'!R26) -> 0.5 | L19: =IF('глубина-день'!#ref!="","",'глубина-день'!#ref!) -> #VALUE!
A20: =IF('Глубина-день'!A27="","",'Глубина-день'!A27) -> 8 | B20: =IF('Глубина-день'!B27="","",'Глубина-день'!B27) -> Крепление | C20: =IF('Глубина-день'!C27="","",'Глубина-день'!C27) -> Цементаж направления 245мм | D20: =IF('Глубина-день'!E27="","",'Глубина-день'!E27) -> 245 | E20: =IF('Глубина-день'!F27="","",'Глубина-день'!F27) | F20: =IF('Глубина-день'!G27="","",'Глубина-день'!G27) | G20: =IF('глубина-день'!#ref!="","",'глубина-день'!#ref!) -> #VALUE! | H20: =IF('Глубина-день'!H27="","",'Глубина-день'!H27) -> 80 | I20: =IF('Глубина-день'!I27="","",'Глубина-день'!I27) -> 1.5 | J20: =IF('Глубина-день'!J27="","",'Глубина-день'!J27) -> 45499.979 | K20: =IF('Глубина-день'!R27="","",'Глубина-день'!R27) -> 1.5 | L20: =IF('глубина-день'!#ref!="","",'глубина-день'!#ref!) -> #VALUE!
A21: =IF('глубина-день'!#ref!="","",'глубина-день'!#ref!) -> #VALUE! | B21: =IF('глубина-день'!#ref!="","",'глубина-день'!#ref!) -> #VALUE! | C21: =IF('глубина-день'!#ref!="","",'глубина-день'!#ref!) -> #VALUE! | D21: =IF('глубина-день'!#ref!="","",'глубина-день'!#ref!) -> #VALUE! | E21: =IF('глубина-день'!#ref!="","",'глубина-день'!#ref!) -> #VALUE! | F21: =IF('глубина-день'!#ref!="","",'глубина-день'!#ref!) -> #VALUE! | G21: =IF('глубина-день'!#ref!="","",'глубина-день'!#ref!) -> #VALUE! | H21: =IF('глубина-день'!#ref!="","",'глубина-день'!#ref!) -> #VALUE! | ... L21: =IF('глубина-день'!#ref!="","",'глубина-день'!#ref!) -> #VALUE!
A22: =IF('Глубина-день'!A29="","",'Глубина-день'!A29) -> 10 | B22: =IF('Глубина-день'!B29="","",'Глубина-день'!B29) -> ПВО | C22: =IF('Глубина-день'!C29="","",'Глубина-день'!C29) -> Монтаж ПВО (6ч). Опрессовка глухих плашек ППГ, БГ, БД, выкидных линий, крестовины с коренными задвижками, ЗБР (1,5ч). | D22: =IF('Глубина-день'!E29="","",'Глубина-день'!E29) -> 245 | E22: =IF('Глубина-день'!F29="","",'Глубина-день'!F29) | F22: =IF('Глубина-день'!G29="","",'Глубина-день'!G29) | G22: =IF('глубина-день'!#ref!="","",'глубина-день'!#ref!) -> #VALUE! | H22: =IF('Глубина-день'!H29="","",'Глубина-день'!H29) -> 80 | I22: =IF('Глубина-день'!I29="","",'Глубина-день'!I29) -> 7.5 | J22: =IF('Глубина-день'!J29="","",'Глубина-день'!J29) -> 45500.625 | K22: =IF('Глубина-день'!R29="","",'Глубина-день'!R29) -> 7.5 | L22: =IF('глубина-день'!#ref!="","",'глубина-день'!#ref!) -> #VALUE!
A23: =IF('Глубина-день'!A31="","",'Глубина-день'!A31) -> 12 | B23: =IF('Глубина-день'!B31="","",'Глубина-день'!B31) -> СПО | C23: =IF('Глубина-день'!C31="","",'Глубина-день'!C31) -> Cпуск КНБК (1ч). Опрессовка трубных плашек, ПУГ (1ч). | D23: =IF('Глубина-день'!E31="","",'Глубина-день'!E31) -> 178 | E23: =IF('Глубина-день'!F31="","",'Глубина-день'!F31) -> 0 | F23: =IF('Глубина-день'!G31="","",'Глубина-день'!G31) -> 80 | G23: =IF('глубина-день'!#ref!="","",'глубина-день'!#ref!) -> #VALUE! | H23: =IF('Глубина-день'!H31="","",'Глубина-день'!H31) -> 80 | I23: =IF('Глубина-день'!I31="","",'Глубина-день'!I31) -> 2 | J23: =IF('Глубина-день'!J31="","",'Глубина-день'!J31) -> 45500.833 | K23: =IF('Глубина-день'!R31="","",'Глубина-день'!R31) -> 2 | L23: =IF('глубина-день'!#ref!="","",'глубина-день'!#ref!) -> #VALUE!
A24: =IF('Глубина-день'!A32="","",'Глубина-день'!A32) -> 13 | B24: =IF('Глубина-день'!B32="","",'Глубина-день'!B32) -> Бурение | C24: =IF('Глубина-день'!C32="","",'Глубина-день'!C32) -> Разбурка оснастки (ЦКОД, цем.стакан, БК) Чистка ЦСГО. | D24: =IF('Глубина-день'!E32="","",'Глубина-день'!E32) -> 178 | E24: =IF('Глубина-день'!F32="","",'Глубина-день'!F32) -> 80 | F24: =IF('Глубина-день'!G32="","",'Глубина-день'!G32) -> 82 | G24: =IF('глубина-день'!#ref!="","",'глубина-день'!#ref!) -> #VALUE! | H24: =IF('Глубина-день'!H32="","",'Глубина-день'!H32) -> 82 | I24: =IF('Глубина-день'!I32="","",'Глубина-день'!I32) -> 2 | J24: =IF('Глубина-день'!J32="","",'Глубина-день'!J32) -> 45500.917 | K24: =IF('Глубина-день'!R32="","",'Глубина-день'!R32) -> 2 | L24: =IF('глубина-день'!#ref!="","",'глубина-день'!#ref!) -> #VALUE!
A25: =IF('Глубина-день'!A33="","",'Глубина-день'!A33) -> 14 | B25: =IF('Глубина-день'!B33="","",'Глубина-день'!B33) -> Бурение | C25: =IF('Глубина-день'!C33="","",'Глубина-день'!C33) -> Бурение под кондуктор (прокачка укрепляющих пачек ч/з каждые 150-200м) | D25: =IF('Глубина-день'!E33="","",'Глубина-день'!E33) -> 178 | E25: =IF('Глубина-день'!F33="","",'Глубина-день'!F33) -> 82 | F25: =IF('Глубина-день'!G33="","",'Глубина-день'!G33) -> 1500 | G25: =IF('глубина-день'!#ref!="","",'глубина-день'!#ref!) -> #VALUE! | H25: =IF('Глубина-день'!H33="","",'Глубина-день'!H33) -> 1500 | I25: =IF('Глубина-день'!I33="","",'Глубина-день'!I33) -> 32 | J25: =IF('Глубина-день'!J33="","",'Глубина-день'!J33) -> 45502.25 | K25: =IF('Глубина-день'!R33="","",'Глубина-день'!R33) -> 32 | L25: =IF('глубина-день'!#ref!="","",'глубина-день'!#ref!) -> #VALUE!
A26: =IF('Глубина-день'!A34="","",'Глубина-день'!A34) -> 15 | B26: =IF('Глубина-день'!B34="","",'Глубина-день'!B34) -> Циркуляция и Обработка БР | C26: =IF('Глубина-день'!C34="","",'Глубина-день'!C34) -> Промывка за 50 м до Хантымансийской свиты | D26: =IF('Глубина-день'!E34="","",'Глубина-день'!E34) -> 178 | E26: =IF('Глубина-день'!F34="","",'Глубина-день'!F34) | F26: =IF('Глубина-день'!G34="","",'Глубина-день'!G34) | G26: =IF('глубина-день'!#ref!="","",'глубина-день'!#ref!) -> #VALUE! | H26: =IF('Глубина-день'!H34="","",'Глубина-день'!H34) -> 1500 | I26: =IF('Глубина-день'!I34="","",'Глубина-день'!I34) -> 2.5 | J26: =IF('Глубина-день'!J34="","",'Глубина-день'!J34) -> 45502.354 | K26: =IF('Глубина-день'!R34="","",'Глубина-день'!R34) -> 2.5 | L26: =IF('глубина-день'!#ref!="","",'глубина-день'!#ref!) -> #VALUE!
A27: =IF('Глубина-день'!A35="","",'Глубина-день'!A35) -> 16 | B27: =IF('Глубина-день'!B35="","",'Глубина-день'!B35) -> Шаблонирование / проработка | C27: =IF('Глубина-день'!C35="","",'Глубина-день'!C35) -> Шаблонирование (подъем) (по согласованию с РН по ТСБ) | D27: =IF('Глубина-день'!E35="","",'Глубина-день'!E35) -> 178 | E27: =IF('Глубина-день'!F35="","",'Глубина-день'!F35) -> 1500 | F27: =IF('Глубина-день'!G35="","",'Глубина-день'!G35) | G27: =IF('глубина-день'!#ref!="","",'глубина-день'!#ref!) -> #VALUE! | H27: =IF('Глубина-день'!H35="","",'Глубина-день'!H35) -> 1500 | I27: =IF('Глубина-день'!I35="","",'Глубина-день'!I35) -> 7 | J27: =IF('Глубина-день'!J35="","",'Глубина-день'!J35) -> 45502.646 | K27: =IF('Глубина-день'!R35="","",'Глубина-день'!R35) -> 7 | L27: =IF('глубина-день'!#ref!="","",'глубина-день'!#ref!) -> #VALUE!
A28: =IF('Глубина-день'!A36="","",'Глубина-день'!A36) -> 17 | B28: =IF('Глубина-день'!B36="","",'Глубина-день'!B36) -> Шаблонирование / проработка | C28: =IF('Глубина-день'!C36="","",'Глубина-день'!C36) -> Шаблонирование (спуск) (по согласованию с РН по ТСБ) | D28: =IF('Глубина-день'!E36="","",'Глубина-день'!E36) -> 178 | E28: =IF('Глубина-день'!F36="","",'Глубина-день'!F36) -> 80 | F28: =IF('Глубина-день'!G36="","",'Глубина-день'!G36) -> 1500 | G28: =IF('глубина-день'!#ref!="","",'глубина-день'!#ref!) -> #VALUE! | H28: =IF('Глубина-день'!H36="","",'Глубина-день'!H36) -> 1500 | I28: =IF('Глубина-день'!I36="","",'Глубина-день'!I36) -> 6 | J28: =IF('Глубина-день'!J36="","",'Глубина-день'!J36) -> 45502.896 | K28: =IF('Глубина-день'!R36="","",'Глубина-день'!R36) -> 6 | L28: =IF('глубина-день'!#ref!="","",'глубина-день'!#ref!) -> #VALUE!
A29: =IF('Глубина-день'!A37="","",'Глубина-день'!A37) -> 18 | B29: =IF('Глубина-день'!B37="","",'Глубина-день'!B37) -> Циркуляция и Обработка БР | C29: =IF('Глубина-день'!C37="","",'Глубина-день'!C37) -> Промывка. Обновление БР (замещение) (по согласованию с РН по ТСБ) | D29: =IF('Глубина-день'!E37="","",'Глубина-день'!E37) -> 178 | E29: =IF('Глубина-день'!F37="","",'Глубина-день'!F37) | F29: =IF('Глубина-день'!G37="","",'Глубина-день'!G37) | G29: =IF('глубина-день'!#ref!="","",'глубина-день'!#ref!) -> #VALUE! | H29: =IF('Глубина-день'!H37="","",'Глубина-день'!H37) -> 1500 | I29: =IF('Глубина-день'!I37="","",'Глубина-день'!I37) -> 2 | J29: =IF('Глубина-день'!J37="","",'Глубина-день'!J37) -> 45502.979 | K29: =IF('Глубина-день'!R37="","",'Глубина-день'!R37) -> 2 | L29: =IF('глубина-день'!#ref!="","",'глубина-день'!#ref!) -> #VALUE!
A30: =IF('Глубина-день'!A38="","",'Глубина-день'!A38) -> 19 | B30: =IF('Глубина-день'!B38="","",'Глубина-день'!B38) -> Бурение | C30: =IF('Глубина-день'!C38="","",'Глубина-день'!C38) -> Бурение под кондуктор наращ.св. (прокачка укрепляющих пачек ч/з каждые 150-200м) | D30: =IF('Глубина-день'!E38="","",'Глубина-день'!E38) -> 178 | E30: =IF('Глубина-день'!F38="","",'Глубина-день'!F38) -> 1500 | F30: =IF('Глубина-день'!G38="","",'Глубина-день'!G38) -> 2100 | G30: =IF('глубина-день'!#ref!="","",'глубина-день'!#ref!) -> #VALUE! | H30: =IF('Глубина-день'!H38="","",'Глубина-день'!H38) -> 2100 | I30: =IF('Глубина-день'!I38="","",'Глубина-день'!I38) -> 34 | J30: =IF('Глубина-день'!J38="","",'Глубина-день'!J38) -> 45504.396 | K30: =IF('Глубина-день'!R38="","",'Глубина-день'!R38) -> 34 | L30: =IF('глубина-день'!#ref!="","",'глубина-день'!#ref!) -> #VALUE!
A31: =IF('Глубина-день'!A47="","",'Глубина-день'!A47) -> 28 | B31: =IF('Глубина-день'!B47="","",'Глубина-день'!B47) -> Подготовительные работы | C31: =IF('Глубина-день'!C47="","",'Глубина-день'!C47) -> ПЗР к спуску 178мм ОК | D31: =IF('Глубина-день'!E47="","",'Глубина-день'!E47) -> 178 | E31: =IF('Глубина-день'!F47="","",'Глубина-день'!F47) | F31: =IF('Глубина-день'!G47="","",'Глубина-день'!G47) | G31: =IF('глубина-день'!#ref!="","",'глубина-день'!#ref!) -> #VALUE! | H31: =IF('Глубина-день'!H47="","",'Глубина-день'!H47) -> 2543.15 | I31: =IF('Глубина-день'!I47="","",'Глубина-день'!I47) -> 1 | J31: =IF('Глубина-день'!J47="","",'Глубина-день'!J47) -> 45507.479 | K31: =IF('Глубина-день'!R47="","",'Глубина-день'!R47) -> 1 | L31: =IF('глубина-день'!#ref!="","",'глубина-день'!#ref!) -> #VALUE!
A32: =IF('Глубина-день'!A48="","",'Глубина-день'!A48) -> 29 | B32: =IF('Глубина-день'!B48="","",'Глубина-день'!B48) -> Крепление | C32: =IF('Глубина-день'!C48="","",'Глубина-день'!C48) -> Спуск 178мм ОК с промывками | D32: =IF('Глубина-день'!E48="","",'Глубина-день'!E48) -> 178 | E32: =IF('Глубина-день'!F48="","",'Глубина-день'!F48) | F32: =IF('Глубина-день'!G48="","",'Глубина-день'!G48) | G32: =IF('глубина-день'!#ref!="","",'глубина-день'!#ref!) -> #VALUE! | H32: =IF('Глубина-день'!H48="","",'Глубина-день'!H48) -> 2543.15 | I32: =IF('Глубина-день'!I48="","",'Глубина-день'!I48) -> 18 | J32: =IF('Глубина-день'!J48="","",'Глубина-день'!J48) -> 45508.229 | K32: =IF('Глубина-день'!R48="","",'Глубина-день'!R48) -> 18 | L32: =IF('глубина-день'!#ref!="","",'глубина-день'!#ref!) -> #VALUE!
A33: =IF('Глубина-день'!A49="","",'Глубина-день'!A49) -> 30 | B33: =IF('Глубина-день'!B49="","",'Глубина-день'!B49) -> Циркуляция и Обработка БР | C33: =IF('Глубина-день'!C49="","",'Глубина-день'!C49) -> Промывка | D33: =IF('Глубина-день'!E49="","",'Глубина-день'!E49) -> 178 | E33: =IF('Глубина-день'!F49="","",'Глубина-день'!F49) | F33: =IF('Глубина-день'!G49="","",'Глубина-день'!G49) | G33: =IF('глубина-день'!#ref!="","",'глубина-день'!#ref!) -> #VALUE! | H33: =IF('Глубина-день'!H49="","",'Глубина-день'!H49) -> 2543.15 | I33: =IF('Глубина-день'!I49="","",'Глубина-день'!I49) -> 2 | J33: =IF('Глубина-день'!J49="","",'Глубина-день'!J49) -> 45508.312 | K33: =IF('Глубина-день'!R49="","",'Глубина-день'!R49) -> 2 | L33: =IF('глубина-день'!#ref!="","",'глубина-день'!#ref!) -> #VALUE!
A34: =IF('Глубина-день'!A50="","",'Глубина-день'!A50) -> 31 | B34: =IF('Глубина-день'!B50="","",'Глубина-день'!B50) -> Крепление | C34: =IF('Глубина-день'!C50="","",'Глубина-день'!C50) -> Цементирование 178мм ОК | D34: =IF('Глубина-день'!E50="","",'Глубина-день'!E50) -> 178 | E34: =IF('Глубина-день'!F50="","",'Глубина-день'!F50) | F34: =IF('Глубина-день'!G50="","",'Глубина-день'!G50) | G34: =IF('глубина-день'!#ref!="","",'глубина-день'!#ref!) -> #VALUE! | H34: =IF('Глубина-день'!H50="","",'Глубина-день'!H50) -> 2543.15 | I34: =IF('Глубина-день'!I50="","",'Глубина-день'!I50) -> 4 | J34: =IF('Глубина-день'!J50="","",'Глубина-день'!J50) -> 45508.479 | K34: =IF('Глубина-день'!R50="","",'Глубина-день'!R50) -> 4 | L34: =IF('глубина-день'!#ref!="","",'глубина-день'!#ref!) -> #VALUE!
A35: =IF('Глубина-день'!A51="","",'Глубина-день'!A51) -> 32 | B35: =IF('Глубина-день'!B51="","",'Глубина-день'!B51) -> Крепление | C35: =IF('Глубина-день'!C51="","",'Глубина-день'!C51) -> Перемонтаж (Демонтаж ПВО ( переоборудование устья скважины), чистка емкостей, вывоз/заготовка РУО | D35: =IF('Глубина-день'!E51="","",'Глубина-день'!E51) -> 178 | E35: =IF('Глубина-день'!F51="","",'Глубина-день'!F51) | F35: =IF('Глубина-день'!G51="","",'Глубина-день'!G51) | G35: =IF('глубина-день'!#ref!="","",'глубина-день'!#ref!) -> #VALUE! | H35: =IF('Глубина-день'!H51="","",'Глубина-день'!H51) -> 2543.15 | I35: =IF('Глубина-день'!I51="","",'Глубина-день'!I51) -> 4 | J35: =IF('Глубина-день'!J51="","",'Глубина-день'!J51) -> 45508.646 | K35: =IF('Глубина-день'!R51="","",'Глубина-день'!R51) -> 4 | L35: =IF('глубина-день'!#ref!="","",'глубина-день'!#ref!) -> #VALUE!
A36: =IF('Глубина-день'!A52="","",'Глубина-день'!A52) -> 33 | B36: =IF('Глубина-день'!B52="","",'Глубина-день'!B52) -> Крепление | C36: =IF('Глубина-день'!C52="","",'Глубина-день'!C52) -> Перемонтаж (Монтаж ПВО повторный (смена плашек ПВО), ЗБР, чистка емкостей, вывоз/заготовка РУО | D36: =IF('Глубина-день'!E52="","",'Глубина-день'!E52) -> 178 | E36: =IF('Глубина-день'!F52="","",'Глубина-день'!F52) | F36: =IF('Глубина-день'!G52="","",'Глубина-день'!G52) | G36: =IF('глубина-день'!#ref!="","",'глубина-день'!#ref!) -> #VALUE! | H36: =IF('Глубина-день'!H52="","",'Глубина-день'!H52) -> 2543.15 | I36: =IF('Глубина-день'!I52="","",'Глубина-день'!I52) -> 6 | J36: =IF('Глубина-день'!J52="","",'Глубина-день'!J52) -> 45508.896 | K36: =IF('Глубина-день'!R52="","",'Глубина-день'!R52) -> 6 | L36: =IF('глубина-день'!#ref!="","",'глубина-день'!#ref!) -> #VALUE!
A37: =IF('глубина-день'!#ref!="","",'глубина-день'!#ref!) -> #VALUE! | B37: =IF('глубина-день'!#ref!="","",'глубина-день'!#ref!) -> #VALUE! | C37: =IF('глубина-день'!#ref!="","",'глубина-день'!#ref!) -> #VALUE! | D37: =IF('глубина-день'!#ref!="","",'глубина-день'!#ref!) -> #VALUE! | E37: =IF('глубина-день'!#ref!="","",'глубина-день'!#ref!) -> #VALUE! | F37: =IF('глубина-день'!#ref!="","",'глубина-день'!#ref!) -> #VALUE! | G37: =IF('глубина-день'!#ref!="","",'глубина-день'!#ref!) -> #VALUE! | H37: =IF('глубина-день'!#ref!="","",'глубина-день'!#ref!) -> #VALUE! | ... L37: =IF('глубина-день'!#ref!="","",'глубина-день'!#ref!) -> #VALUE!
A38: =IF('глубина-день'!#ref!="","",'глубина-день'!#ref!) -> #VALUE! | B38: =IF('глубина-день'!#ref!="","",'глубина-день'!#ref!) -> #VALUE! | C38: =IF('глубина-день'!#ref!="","",'глубина-день'!#ref!) -> #VALUE! | D38: =IF('глубина-день'!#ref!="","",'глубина-день'!#ref!) -> #VALUE! | E38: =IF('глубина-день'!#ref!="","",'глубина-день'!#ref!) -> #VALUE! | F38: =IF('глубина-день'!#ref!="","",'глубина-день'!#ref!) -> #VALUE! | G38: =IF('глубина-день'!#ref!="","",'глубина-день'!#ref!) -> #VALUE! | H38: =IF('глубина-день'!#ref!="","",'глубина-день'!#ref!) -> #VALUE! | ... L38: =IF('глубина-день'!#ref!="","",'глубина-день'!#ref!) -> #VALUE!
A39: =IF('глубина-день'!#ref!="","",'глубина-день'!#ref!) -> #VALUE! | B39: =IF('глубина-день'!#ref!="","",'глубина-день'!#ref!) -> #VALUE! | C39: =IF('глубина-день'!#ref!="","",'глубина-день'!#ref!) -> #VALUE! | D39: =IF('глубина-день'!#ref!="","",'глубина-день'!#ref!) -> #VALUE! | E39: =IF('глубина-день'!#ref!="","",'глубина-день'!#ref!) -> #VALUE! | F39: =IF('глубина-день'!#ref!="","",'глубина-день'!#ref!) -> #VALUE! | G39: =IF('глубина-день'!#ref!="","",'глубина-день'!#ref!) -> #VALUE! | H39: =IF('глубина-день'!#ref!="","",'глубина-день'!#ref!) -> #VALUE! | ... L39: =IF('глубина-день'!#ref!="","",'глубина-день'!#ref!) -> #VALUE!
A40: =IF('глубина-день'!#ref!="","",'глубина-день'!#ref!) -> #VALUE! | B40: =IF('глубина-день'!#ref!="","",'глубина-день'!#ref!) -> #VALUE! | C40: =IF('глубина-день'!#ref!="","",'глубина-день'!#ref!) -> #VALUE! | D40: =IF('глубина-день'!#ref!="","",'глубина-день'!#ref!) -> #VALUE! | E40: =IF('глубина-день'!#ref!="","",'глубина-день'!#ref!) -> #VALUE! | F40: =IF('глубина-день'!#ref!="","",'глубина-день'!#ref!) -> #VALUE! | G40: =IF('глубина-день'!#ref!="","",'глубина-день'!#ref!) -> #VALUE! | H40: =IF('глубина-день'!#ref!="","",'глубина-день'!#ref!) -> #VALUE! | ... L40: =IF('глубина-день'!#ref!="","",'глубина-день'!#ref!) -> #VALUE!
A41: =IF('глубина-день'!#ref!="","",'глубина-день'!#ref!) -> #VALUE! | B41: =IF('глубина-день'!#ref!="","",'глубина-день'!#ref!) -> #VALUE! | C41: =IF('глубина-день'!#ref!="","",'глубина-день'!#ref!) -> #VALUE! | D41: =IF('глубина-день'!#ref!="","",'глубина-день'!#ref!) -> #VALUE! | E41: =IF('глубина-день'!#ref!="","",'глубина-день'!#ref!) -> #VALUE! | F41: =IF('глубина-день'!#ref!="","",'глубина-день'!#ref!) -> #VALUE! | G41: =IF('глубина-день'!#ref!="","",'глубина-день'!#ref!) -> #VALUE! | H41: =IF('глубина-день'!#ref!="","",'глубина-день'!#ref!) -> #VALUE! | ... L41: =IF('глубина-день'!#ref!="","",'глубина-день'!#ref!) -> #VALUE!
A42: =IF('глубина-день'!#ref!="","",'глубина-день'!#ref!) -> #VALUE! | B42: =IF('глубина-день'!#ref!="","",'глубина-день'!#ref!) -> #VALUE! | C42: =IF('глубина-день'!#ref!="","",'глубина-день'!#ref!) -> #VALUE! | D42: =IF('глубина-день'!#ref!="","",'глубина-день'!#ref!) -> #VALUE! | E42: =IF('глубина-день'!#ref!="","",'глубина-день'!#ref!) -> #VALUE! | F42: =IF('глубина-день'!#ref!="","",'глубина-день'!#ref!) -> #VALUE! | G42: =IF('глубина-день'!#ref!="","",'глубина-день'!#ref!) -> #VALUE! | H42: =IF('глубина-день'!#ref!="","",'глубина-день'!#ref!) -> #VALUE! | ... L42: =IF('глубина-день'!#ref!="","",'глубина-день'!#ref!) -> #VALUE!
A43: =IF('глубина-день'!#ref!="","",'глубина-день'!#ref!) -> #VALUE! | B43: =IF('глубина-день'!#ref!="","",'глубина-день'!#ref!) -> #VALUE! | C43: =IF('глубина-день'!#ref!="","",'глубина-день'!#ref!) -> #VALUE! | D43: =IF('глубина-день'!#ref!="","",'глубина-день'!#ref!) -> #VALUE! | E43: =IF('глубина-день'!#ref!="","",'глубина-день'!#ref!) -> #VALUE! | F43: =IF('глубина-день'!#ref!="","",'глубина-день'!#ref!) -> #VALUE! | G43: =IF('глубина-день'!#ref!="","",'глубина-день'!#ref!) -> #VALUE! | H43: =IF('глубина-день'!#ref!="","",'глубина-день'!#ref!) -> #VALUE! | ... L43: =IF('глубина-день'!#ref!="","",'глубина-день'!#ref!) -> #VALUE!
A44: =IF('глубина-день'!#ref!="","",'глубина-день'!#ref!) -> #VALUE! | B44: =IF('глубина-день'!#ref!="","",'глубина-день'!#ref!) -> #VALUE! | C44: =IF('глубина-день'!#ref!="","",'глубина-день'!#ref!) -> #VALUE! | D44: =IF('глубина-день'!#ref!="","",'глубина-день'!#ref!) -> #VALUE! | E44: =IF('глубина-день'!#ref!="","",'глубина-день'!#ref!) -> #VALUE! | F44: =IF('глубина-день'!#ref!="","",'глубина-день'!#ref!) -> #VALUE! | G44: =IF('глубина-день'!#ref!="","",'глубина-день'!#ref!) -> #VALUE! | H44: =IF('глубина-день'!#ref!="","",'глубина-день'!#ref!) -> #VALUE! | ... L44: =IF('глубина-день'!#ref!="","",'глубина-день'!#ref!) -> #VALUE!
A45: =IF('глубина-день'!#ref!="","",'глубина-день'!#ref!) -> #VALUE! | B45: =IF('глубина-день'!#ref!="","",'глубина-день'!#ref!) -> #VALUE! | C45: =IF('глубина-день'!#ref!="","",'глубина-день'!#ref!) -> #VALUE! | D45: =IF('глубина-день'!#ref!="","",'глубина-день'!#ref!) -> #VALUE! | E45: =IF('глубина-день'!#ref!="","",'глубина-день'!#ref!) -> #VALUE! | F45: =IF('глубина-день'!#ref!="","",'глубина-день'!#ref!) -> #VALUE! | G45: =IF('глубина-день'!#ref!="","",'глубина-день'!#ref!) -> #VALUE! | H45: =IF('глубина-день'!#ref!="","",'глубина-день'!#ref!) -> #VALUE! | ... L45: =IF('глубина-день'!#ref!="","",'глубина-день'!#ref!) -> #VALUE!
A46: =IF('глубина-день'!#ref!="","",'глубина-день'!#ref!) -> #VALUE! | B46: =IF('глубина-день'!#ref!="","",'глубина-день'!#ref!) -> #VALUE! | C46: =IF('глубина-день'!#ref!="","",'глубина-день'!#ref!) -> #VALUE! | D46: =IF('глубина-день'!#ref!="","",'глубина-день'!#ref!) -> #VALUE! | E46: =IF('глубина-день'!#ref!="","",'глубина-день'!#ref!) -> #VALUE! | F46: =IF('глубина-день'!#ref!="","",'глубина-день'!#ref!) -> #VALUE! | G46: =IF('глубина-день'!#ref!="","",'глубина-день'!#ref!) -> #VALUE! | H46: =IF('глубина-день'!#ref!="","",'глубина-день'!#ref!) -> #VALUE! | ... L46: =IF('глубина-день'!#ref!="","",'глубина-день'!#ref!) -> #VALUE!
A47: =IF('глубина-день'!#ref!="","",'глубина-день'!#ref!) -> #VALUE! | B47: =IF('глубина-день'!#ref!="","",'глубина-день'!#ref!) -> #VALUE! | C47: =IF('глубина-день'!#ref!="","",'глубина-день'!#ref!) -> #VALUE! | D47: =IF('глубина-день'!#ref!="","",'глубина-день'!#ref!) -> #VALUE! | E47: =IF('глубина-день'!#ref!="","",'глубина-день'!#ref!) -> #VALUE! | F47: =IF('глубина-день'!#ref!="","",'глубина-день'!#ref!) -> #VALUE! | G47: =IF('глубина-день'!#ref!="","",'глубина-день'!#ref!) -> #VALUE! | H47: =IF('глубина-день'!#ref!="","",'глубина-день'!#ref!) -> #VALUE! | ... L47: =IF('глубина-день'!#ref!="","",'глубина-день'!#ref!) -> #VALUE!
A48: =IF('глубина-день'!#ref!="","",'глубина-день'!#ref!) -> #VALUE! | B48: =IF('глубина-день'!#ref!="","",'глубина-день'!#ref!) -> #VALUE! | C48: =IF('глубина-день'!#ref!="","",'глубина-день'!#ref!) -> #VALUE! | D48: =IF('глубина-день'!#ref!="","",'глубина-день'!#ref!) -> #VALUE! | E48: =IF('глубина-день'!#ref!="","",'глубина-день'!#ref!) -> #VALUE! | F48: =IF('глубина-день'!#ref!="","",'глубина-день'!#ref!) -> #VALUE! | G48: =IF('глубина-день'!#ref!="","",'глубина-день'!#ref!) -> #VALUE! | H48: =IF('глубина-день'!#ref!="","",'глубина-день'!#ref!) -> #VALUE! | ... L48: =IF('глубина-день'!#ref!="","",'глубина-день'!#ref!) -> #VALUE!
A49: =IF('глубина-день'!#ref!="","",'глубина-день'!#ref!) -> #VALUE! | B49: =IF('глубина-день'!#ref!="","",'глубина-день'!#ref!) -> #VALUE! | C49: =IF('глубина-день'!#ref!="","",'глубина-день'!#ref!) -> #VALUE! | D49: =IF('глубина-день'!#ref!="","",'глубина-день'!#ref!) -> #VALUE! | E49: =IF('глубина-день'!#ref!="","",'глубина-день'!#ref!) -> #VALUE! | F49: =IF('глубина-день'!#ref!="","",'глубина-день'!#ref!) -> #VALUE! | G49: =IF('глубина-день'!#ref!="","",'глубина-день'!#ref!) -> #VALUE! | H49: =IF('глубина-день'!#ref!="","",'глубина-день'!#ref!) -> #VALUE! | ... L49: =IF('глубина-день'!#ref!="","",'глубина-день'!#ref!) -> #VALUE!
A50: =IF('Глубина-день'!A73="","",'Глубина-день'!A73) -> 54 | B50: =IF('Глубина-день'!B73="","",'Глубина-день'!B73) -> Крепление | C50: =IF('Глубина-день'!C73="","",'Глубина-день'!C73) -> ПЗР к спуску хвостовика | D50: =IF('Глубина-день'!E73="","",'Глубина-день'!E73) -> 114 | E50: =IF('Глубина-день'!F73="","",'Глубина-день'!F73) | F50: =IF('Глубина-день'!G73="","",'Глубина-день'!G73) | G50: =IF('глубина-день'!#ref!="","",'глубина-день'!#ref!) -> #VALUE! | H50: =IF('Глубина-день'!H73="","",'Глубина-день'!H73) -> 4660 | I50: =IF('Глубина-день'!I73="","",'Глубина-день'!I73) -> 1 | J50: =IF('Глубина-день'!J73="","",'Глубина-день'!J73) -> 45523.271 | K50: =IF('Глубина-день'!R73="","",'Глубина-день'!R73) -> 1 | L50: =IF('глубина-день'!#ref!="","",'глубина-день'!#ref!) -> #VALUE!
A51: =IF('глубина-день'!#ref!="","",'глубина-день'!#ref!) -> #VALUE! | B51: =IF('глубина-день'!#ref!="","",'глубина-день'!#ref!) -> #VALUE! | C51: =IF('глубина-день'!#ref!="","",'глубина-день'!#ref!) -> #VALUE! | D51: =IF('глубина-день'!#ref!="","",'глубина-день'!#ref!) -> #VALUE! | E51: =IF('глубина-день'!#ref!="","",'глубина-день'!#ref!) -> #VALUE! | F51: =IF('глубина-день'!#ref!="","",'глубина-день'!#ref!) -> #VALUE! | G51: =IF('глубина-день'!#ref!="","",'глубина-день'!#ref!) -> #VALUE! | H51: =IF('глубина-день'!#ref!="","",'глубина-день'!#ref!) -> #VALUE! | ... L51: =IF('глубина-день'!#ref!="","",'глубина-день'!#ref!) -> #VALUE!
A52: =IF('глубина-день'!#ref!="","",'глубина-день'!#ref!) -> #VALUE! | B52: =IF('глубина-день'!#ref!="","",'глубина-день'!#ref!) -> #VALUE! | C52: =IF('глубина-день'!#ref!="","",'глубина-день'!#ref!) -> #VALUE! | D52: =IF('глубина-день'!#ref!="","",'глубина-день'!#ref!) -> #VALUE! | E52: =IF('глубина-день'!#ref!="","",'глубина-день'!#ref!) -> #VALUE! | F52: =IF('глубина-день'!#ref!="","",'глубина-день'!#ref!) -> #VALUE! | G52: =IF('глубина-день'!#ref!="","",'глубина-день'!#ref!) -> #VALUE! | H52: =IF('глубина-день'!#ref!="","",'глубина-день'!#ref!) -> #VALUE! | ... L52: =IF('глубина-день'!#ref!="","",'глубина-день'!#ref!) -> #VALUE!
A53: =IF('глубина-день'!#ref!="","",'глубина-день'!#ref!) -> #VALUE! | B53: =IF('глубина-день'!#ref!="","",'глубина-день'!#ref!) -> #VALUE! | C53: =IF('глубина-день'!#ref!="","",'глубина-день'!#ref!) -> #VALUE! | D53: =IF('глубина-день'!#ref!="","",'глубина-день'!#ref!) -> #VALUE! | E53: =IF('глубина-день'!#ref!="","",'глубина-день'!#ref!) -> #VALUE! | F53: =IF('глубина-день'!#ref!="","",'глубина-день'!#ref!) -> #VALUE! | G53: =IF('глубина-день'!#ref!="","",'глубина-день'!#ref!) -> #VALUE! | H53: =IF('глубина-день'!#ref!="","",'глубина-день'!#ref!) -> #VALUE! | ... L53: =IF('глубина-день'!#ref!="","",'глубина-день'!#ref!) -> #VALUE!
A54: =IF('глубина-день'!#ref!="","",'глубина-день'!#ref!) -> #VALUE! | B54: =IF('глубина-день'!#ref!="","",'глубина-день'!#ref!) -> #VALUE! | C54: =IF('глубина-день'!#ref!="","",'глубина-день'!#ref!) -> #VALUE! | D54: =IF('глубина-день'!#ref!="","",'глубина-день'!#ref!) -> #VALUE! | E54: =IF('глубина-день'!#ref!="","",'глубина-день'!#ref!) -> #VALUE! | F54: =IF('глубина-день'!#ref!="","",'глубина-день'!#ref!) -> #VALUE! | G54: =IF('глубина-день'!#ref!="","",'глубина-день'!#ref!) -> #VALUE! | H54: =IF('глубина-день'!#ref!="","",'глубина-день'!#ref!) -> #VALUE! | ... L54: =IF('глубина-день'!#ref!="","",'глубина-день'!#ref!) -> #VALUE!
A55: =IF('глубина-день'!#ref!="","",'глубина-день'!#ref!) -> #VALUE! | B55: =IF('глубина-день'!#ref!="","",'глубина-день'!#ref!) -> #VALUE! | C55: =IF('глубина-день'!#ref!="","",'глубина-день'!#ref!) -> #VALUE! | D55: =IF('глубина-день'!#ref!="","",'глубина-день'!#ref!) -> #VALUE! | E55: =IF('глубина-день'!#ref!="","",'глубина-день'!#ref!) -> #VALUE! | F55: =IF('глубина-день'!#ref!="","",'глубина-день'!#ref!) -> #VALUE! | G55: =IF('глубина-день'!#ref!="","",'глубина-день'!#ref!) -> #VALUE! | H55: =IF('глубина-день'!#ref!="","",'глубина-день'!#ref!) -> #VALUE! | ... L55: =IF('глубина-день'!#ref!="","",'глубина-день'!#ref!) -> #VALUE!
A56: =IF(#REF!="","",#REF!) -> #REF! | B56: =IF(#REF!="","",#REF!) -> #REF! | C56: =IF(#REF!="","",#REF!) -> #REF! | D56: =IF(#REF!="","",#REF!) -> #REF! | E56: =IF(#REF!="","",#REF!) -> #REF! | F56: =IF(#REF!="","",#REF!) -> #REF! | G56: =IF('глубина-день'!#ref!="","",'глубина-день'!#ref!) -> #VALUE! | H56: =IF(#REF!="","",#REF!) -> #REF! | I56: =IF(#REF!="","",#REF!) -> #REF! | J56: =IF(#REF!="","",#REF!) -> #REF! | K56: =IF(#REF!="","",#REF!) -> #REF! | L56: =IF('глубина-день'!#ref!="","",'глубина-день'!#ref!) -> #VALUE!
A57: =IF(#REF!="","",#REF!) -> #REF! | B57: =IF(#REF!="","",#REF!) -> #REF! | C57: =IF(#REF!="","",#REF!) -> #REF! | D57: =IF(#REF!="","",#REF!) -> #REF! | E57: =IF(#REF!="","",#REF!) -> #REF! | F57: =IF(#REF!="","",#REF!) -> #REF! | G57: =IF('глубина-день'!#ref!="","",'глубина-день'!#ref!) -> #VALUE! | H57: =IF(#REF!="","",#REF!) -> #REF! | I57: =IF(#REF!="","",#REF!) -> #REF! | J57: =IF(#REF!="","",#REF!) -> #REF! | K57: =IF(#REF!="","",#REF!) -> #REF! | L57: =IF('глубина-день'!#ref!="","",'глубина-день'!#ref!) -> #VALUE!
A58: =IF(#REF!="","",#REF!) -> #REF! | B58: =IF(#REF!="","",#REF!) -> #REF! | C58: =IF(#REF!="","",#REF!) -> #REF! | D58: =IF(#REF!="","",#REF!) -> #REF! | E58: =IF(#REF!="","",#REF!) -> #REF! | F58: =IF(#REF!="","",#REF!) -> #REF! | G58: =IF('глубина-день'!#ref!="","",'глубина-день'!#ref!) -> #VALUE! | H58: =IF(#REF!="","",#REF!) -> #REF! | I58: =IF(#REF!="","",#REF!) -> #REF! | J58: =IF(#REF!="","",#REF!) -> #REF! | K58: =IF(#REF!="","",#REF!) -> #REF! | L58: =IF('глубина-день'!#ref!="","",'глубина-день'!#ref!) -> #VALUE!
A59: =IF(#REF!="","",#REF!) -> #REF! | B59: =IF(#REF!="","",#REF!) -> #REF! | C59: =IF(#REF!="","",#REF!) -> #REF! | D59: =IF(#REF!="","",#REF!) -> #REF! | E59: =IF(#REF!="","",#REF!) -> #REF! | F59: =IF(#REF!="","",#REF!) -> #REF! | G59: =IF('глубина-день'!#ref!="","",'глубина-день'!#ref!) -> #VALUE! | H59: =IF(#REF!="","",#REF!) -> #REF! | I59: =IF(#REF!="","",#REF!) -> #REF! | J59: =IF(#REF!="","",#REF!) -> #REF! | K59: =IF(#REF!="","",#REF!) -> #REF! | L59: =IF('глубина-день'!#ref!="","",'глубина-день'!#ref!) -> #VALUE!
A60: =IF(#REF!="","",#REF!) -> #REF! | B60: =IF(#REF!="","",#REF!) -> #REF! | C60: =IF(#REF!="","",#REF!) -> #REF! | D60: =IF(#REF!="","",#REF!) -> #REF! | E60: =IF(#REF!="","",#REF!) -> #REF! | F60: =IF(#REF!="","",#REF!) -> #REF! | G60: =IF('глубина-день'!#ref!="","",'глубина-день'!#ref!) -> #VALUE! | H60: =IF(#REF!="","",#REF!) -> #REF! | I60: =IF(#REF!="","",#REF!) -> #REF! | J60: =IF(#REF!="","",#REF!) -> #REF! | K60: =IF(#REF!="","",#REF!) -> #REF! | L60: =IF('глубина-день'!#ref!="","",'глубина-день'!#ref!) -> #VALUE!
A61: =IF(#REF!="","",#REF!) -> #REF! | B61: =IF(#REF!="","",#REF!) -> #REF! | C61: =IF(#REF!="","",#REF!) -> #REF! | D61: =IF(#REF!="","",#REF!) -> #REF! | E61: =IF(#REF!="","",#REF!) -> #REF! | F61: =IF(#REF!="","",#REF!) -> #REF! | G61: =IF('глубина-день'!#ref!="","",'глубина-день'!#ref!) -> #VALUE! | H61: =IF(#REF!="","",#REF!) -> #REF! | I61: =IF(#REF!="","",#REF!) -> #REF! | J61: =IF(#REF!="","",#REF!) -> #REF! | K61: =IF(#REF!="","",#REF!) -> #REF! | L61: =IF('глубина-день'!#ref!="","",'глубина-день'!#ref!) -> #VALUE!
A62: =IF(#REF!="","",#REF!) -> #REF! | B62: =IF(#REF!="","",#REF!) -> #REF! | C62: =IF(#REF!="","",#REF!) -> #REF! | D62: =IF(#REF!="","",#REF!) -> #REF! | E62: =IF(#REF!="","",#REF!) -> #REF! | F62: =IF(#REF!="","",#REF!) -> #REF! | G62: =IF('глубина-день'!#ref!="","",'глубина-день'!#ref!) -> #VALUE! | H62: =IF(#REF!="","",#REF!) -> #REF! | I62: =IF(#REF!="","",#REF!) -> #REF! | J62: =IF(#REF!="","",#REF!) -> #REF! | K62: =IF(#REF!="","",#REF!) -> #REF! | L62: =IF('глубина-день'!#ref!="","",'глубина-день'!#ref!) -> #VALUE!
A63: =IF('глубина-день'!#ref!="","",'глубина-день'!#ref!) -> #VALUE! | B63: =IF('глубина-день'!#ref!="","",'глубина-день'!#ref!) -> #VALUE! | C63: =IF('глубина-день'!#ref!="","",'глубина-день'!#ref!) -> #VALUE! | D63: =IF('глубина-день'!#ref!="","",'глубина-день'!#ref!) -> #VALUE! | E63: =IF('глубина-день'!#ref!="","",'глубина-день'!#ref!) -> #VALUE! | F63: =IF('глубина-день'!#ref!="","",'глубина-день'!#ref!) -> #VALUE! | G63: =IF('глубина-день'!#ref!="","",'глубина-день'!#ref!) -> #VALUE! | H63: =IF('глубина-день'!#ref!="","",'глубина-день'!#ref!) -> #VALUE! | ... L63: =IF('глубина-день'!#ref!="","",'глубина-день'!#ref!) -> #VALUE!
A64: =IF('глубина-день'!#ref!="","",'глубина-день'!#ref!) -> #VALUE! | B64: =IF('глубина-день'!#ref!="","",'глубина-день'!#ref!) -> #VALUE! | C64: =IF('глубина-день'!#ref!="","",'глубина-день'!#ref!) -> #VALUE! | D64: =IF('глубина-день'!#ref!="","",'глубина-день'!#ref!) -> #VALUE! | E64: =IF('глубина-день'!#ref!="","",'глубина-день'!#ref!) -> #VALUE! | F64: =IF('глубина-день'!#ref!="","",'глубина-день'!#ref!) -> #VALUE! | G64: =IF('глубина-день'!#ref!="","",'глубина-день'!#ref!) -> #VALUE! | H64: =IF('глубина-день'!#ref!="","",'глубина-день'!#ref!) -> #VALUE! | ... L64: =IF('глубина-день'!#ref!="","",'глубина-день'!#ref!) -> #VALUE!
A65: =IF('глубина-день'!#ref!="","",'глубина-день'!#ref!) -> #VALUE! | B65: =IF('глубина-день'!#ref!="","",'глубина-день'!#ref!) -> #VALUE! | C65: =IF('глубина-день'!#ref!="","",'глубина-день'!#ref!) -> #VALUE! | D65: =IF('глубина-день'!#ref!="","",'глубина-день'!#ref!) -> #VALUE! | E65: =IF('глубина-день'!#ref!="","",'глубина-день'!#ref!) -> #VALUE! | F65: =IF('глубина-день'!#ref!="","",'глубина-день'!#ref!) -> #VALUE! | G65: =IF('глубина-день'!#ref!="","",'глубина-день'!#ref!) -> #VALUE! | H65: =IF('глубина-день'!#ref!="","",'глубина-день'!#ref!) -> #VALUE! | ... L65: =IF('глубина-день'!#ref!="","",'глубина-день'!#ref!) -> #VALUE!
A66: =IF(#REF!="","",#REF!) -> #REF! | B66: =IF(#REF!="","",#REF!) -> #REF! | C66: =IF(#REF!="","",#REF!) -> #REF! | D66: =IF(#REF!="","",#REF!) -> #REF! | E66: =IF(#REF!="","",#REF!) -> #REF! | F66: =IF(#REF!="","",#REF!) -> #REF! | G66: =IF('глубина-день'!#ref!="","",'глубина-день'!#ref!) -> #VALUE! | H66: =IF(#REF!="","",#REF!) -> #REF! | I66: =IF(#REF!="","",#REF!) -> #REF! | J66: =IF(#REF!="","",#REF!) -> #REF! | K66: =IF(#REF!="","",#REF!) -> #REF! | L66: =IF('глубина-день'!#ref!="","",'глубина-день'!#ref!) -> #VALUE!
A67: =IF(#REF!="","",#REF!) -> #REF! | B67: =IF(#REF!="","",#REF!) -> #REF! | C67: =IF(#REF!="","",#REF!) -> #REF! | D67: =IF(#REF!="","",#REF!) -> #REF! | E67: =IF(#REF!="","",#REF!) -> #REF! | F67: =IF(#REF!="","",#REF!) -> #REF! | G67: =IF('глубина-день'!#ref!="","",'глубина-день'!#ref!) -> #VALUE! | H67: =IF(#REF!="","",#REF!) -> #REF! | I67: =IF(#REF!="","",#REF!) -> #REF! | J67: =IF(#REF!="","",#REF!) -> #REF! | K67: =IF(#REF!="","",#REF!) -> #REF! | L67: =IF('глубина-день'!#ref!="","",'глубина-день'!#ref!) -> #VALUE!
A68: =IF(#REF!="","",#REF!) -> #REF! | B68: =IF(#REF!="","",#REF!) -> #REF! | C68: =IF(#REF!="","",#REF!) -> #REF! | D68: =IF(#REF!="","",#REF!) -> #REF! | E68: =IF(#REF!="","",#REF!) -> #REF! | F68: =IF(#REF!="","",#REF!) -> #REF! | G68: =IF('глубина-день'!#ref!="","",'глубина-день'!#ref!) -> #VALUE! | H68: =IF(#REF!="","",#REF!) -> #REF! | I68: =IF(#REF!="","",#REF!) -> #REF! | J68: =IF(#REF!="","",#REF!) -> #REF! | K68: =IF(#REF!="","",#REF!) -> #REF! | L68: =IF('глубина-день'!#ref!="","",'глубина-день'!#ref!) -> #VALUE!
A69: =IF(#REF!="","",#REF!) -> #REF! | B69: =IF(#REF!="","",#REF!) -> #REF! | C69: =IF(#REF!="","",#REF!) -> #REF! | D69: =IF(#REF!="","",#REF!) -> #REF! | E69: =IF(#REF!="","",#REF!) -> #REF! | F69: =IF(#REF!="","",#REF!) -> #REF! | G69: =IF('глубина-день'!#ref!="","",'глубина-день'!#ref!) -> #VALUE! | H69: =IF(#REF!="","",#REF!) -> #REF! | I69: =IF(#REF!="","",#REF!) -> #REF! | J69: =IF(#REF!="","",#REF!) -> #REF! | K69: =IF(#REF!="","",#REF!) -> #REF! | L69: =IF('глубина-день'!#ref!="","",'глубина-день'!#ref!) -> #VALUE!
A70: =IF('глубина-день'!#ref!="","",'глубина-день'!#ref!) -> #VALUE! | B70: =IF('глубина-день'!#ref!="","",'глубина-день'!#ref!) -> #VALUE! | C70: =IF('глубина-день'!#ref!="","",'глубина-день'!#ref!) -> #VALUE! | D70: =IF('глубина-день'!#ref!="","",'глубина-день'!#ref!) -> #VALUE! | E70: =IF('глубина-день'!#ref!="","",'глубина-день'!#ref!) -> #VALUE! | F70: =IF('глубина-день'!#ref!="","",'глубина-день'!#ref!) -> #VALUE! | G70: =IF('глубина-день'!#ref!="","",'глубина-день'!#ref!) -> #VALUE! | H70: =IF('глубина-день'!#ref!="","",'глубина-день'!#ref!) -> #VALUE! | ... L70: =IF('глубина-день'!#ref!="","",'глубина-день'!#ref!) -> #VALUE!
A71: =IF(#REF!="","",#REF!) -> #REF! | B71: =IF(#REF!="","",#REF!) -> #REF! | C71: =IF(#REF!="","",#REF!) -> #REF! | D71: =IF(#REF!="","",#REF!) -> #REF! | E71: =IF(#REF!="","",#REF!) -> #REF! | F71: =IF(#REF!="","",#REF!) -> #REF! | G71: =IF('глубина-день'!#ref!="","",'глубина-день'!#ref!) -> #VALUE! | H71: =IF(#REF!="","",#REF!) -> #REF! | I71: =IF(#REF!="","",#REF!) -> #REF! | J71: =IF(#REF!="","",#REF!) -> #REF! | K71: =IF(#REF!="","",#REF!) -> #REF! | L71: =IF('глубина-день'!#ref!="","",'глубина-день'!#ref!) -> #VALUE!
A72: =IF('глубина-день'!#ref!="","",'глубина-день'!#ref!) -> #VALUE! | B72: =IF(#REF!="","",#REF!) -> #REF! | C72: =IF('глубина-день'!#ref!="","",'глубина-день'!#ref!) -> #VALUE! | D72: =IF('глубина-день'!#ref!="","",'глубина-день'!#ref!) -> #VALUE! | E72: =IF('глубина-день'!#ref!="","",'глубина-день'!#ref!) -> #VALUE! | F72: =IF('глубина-день'!#ref!="","",'глубина-день'!#ref!) -> #VALUE! | G72: =IF('глубина-день'!#ref!="","",'глубина-день'!#ref!) -> #VALUE! | H72: =IF('глубина-день'!#ref!="","",'глубина-день'!#ref!) -> #VALUE! | I72: =IF('глубина-день'!#ref!="","",'глубина-день'!#ref!) -> #VALUE! | J72: =IF('глубина-день'!#ref!="","",'глубина-день'!#ref!) -> #VALUE! | ... L72: =IF('глубина-день'!#ref!="","",'глубина-день'!#ref!) -> #VALUE!
A73: =IF(#REF!="","",#REF!) -> #REF! | B73: =IF(#REF!="","",#REF!) -> #REF! | C73: =IF(#REF!="","",#REF!) -> #REF! | D73: =IF(#REF!="","",#REF!) -> #REF! | E73: =IF(#REF!="","",#REF!) -> #REF! | F73: =IF(#REF!="","",#REF!) -> #REF! | G73: =IF('глубина-день'!#ref!="","",'глубина-день'!#ref!) -> #VALUE! | H73: =IF(#REF!="","",#REF!) -> #REF! | I73: =IF(#REF!="","",#REF!) -> #REF! | J73: =IF(#REF!="","",#REF!) -> #REF! | K73: =IF(#REF!="","",#REF!) -> #REF! | L73: =IF('глубина-день'!#ref!="","",'глубина-день'!#ref!) -> #VALUE!
A74: =IF(#REF!="","",#REF!) -> #REF! | B74: =IF(#REF!="","",#REF!) -> #REF! | C74: =IF(#REF!="","",#REF!) -> #REF! | D74: =IF(#REF!="","",#REF!) -> #REF! | E74: =IF(#REF!="","",#REF!) -> #REF! | F74: =IF(#REF!="","",#REF!) -> #REF! | G74: =IF('глубина-день'!#ref!="","",'глубина-день'!#ref!) -> #VALUE! | H74: =IF(#REF!="","",#REF!) -> #REF! | I74: =IF(#REF!="","",#REF!) -> #REF! | J74: =IF(#REF!="","",#REF!) -> #REF! | K74: =IF(#REF!="","",#REF!) -> #REF! | L74: =IF('глубина-день'!#ref!="","",'глубина-день'!#ref!) -> #VALUE!
A75: =IF(#REF!="","",#REF!) -> #REF! | B75: =IF(#REF!="","",#REF!) -> #REF! | C75: =IF(#REF!="","",#REF!) -> #REF! | D75: =IF(#REF!="","",#REF!) -> #REF! | E75: =IF(#REF!="","",#REF!) -> #REF! | F75: =IF(#REF!="","",#REF!) -> #REF! | G75: =IF('глубина-день'!#ref!="","",'глубина-день'!#ref!) -> #VALUE! | H75: =IF(#REF!="","",#REF!) -> #REF! | I75: =IF(#REF!="","",#REF!) -> #REF! | J75: =IF(#REF!="","",#REF!) -> #REF! | K75: =IF(#REF!="","",#REF!) -> #REF! | L75: =IF('глубина-день'!#ref!="","",'глубина-день'!#ref!) -> #VALUE!
A76: =IF(#REF!="","",#REF!) -> #REF! | B76: =IF(#REF!="","",#REF!) -> #REF! | C76: =IF(#REF!="","",#REF!) -> #REF! | D76: =IF(#REF!="","",#REF!) -> #REF! | E76: =IF(#REF!="","",#REF!) -> #REF! | F76: =IF(#REF!="","",#REF!) -> #REF! | G76: =IF('глубина-день'!#ref!="","",'глубина-день'!#ref!) -> #VALUE! | H76: =IF(#REF!="","",#REF!) -> #REF! | I76: =IF(#REF!="","",#REF!) -> #REF! | J76: =IF(#REF!="","",#REF!) -> #REF! | K76: =IF(#REF!="","",#REF!) -> #REF! | L76: =IF('глубина-день'!#ref!="","",'глубина-день'!#ref!) -> #VALUE!
A77: =IF(#REF!="","",#REF!) -> #REF! | B77: =IF(#REF!="","",#REF!) -> #REF! | C77: =IF(#REF!="","",#REF!) -> #REF! | D77: =IF(#REF!="","",#REF!) -> #REF! | E77: =IF(#REF!="","",#REF!) -> #REF! | F77: =IF(#REF!="","",#REF!) -> #REF! | G77: =IF('глубина-день'!#ref!="","",'глубина-день'!#ref!) -> #VALUE! | H77: =IF(#REF!="","",#REF!) -> #REF! | I77: =IF(#REF!="","",#REF!) -> #REF! | J77: =IF(#REF!="","",#REF!) -> #REF! | K77: =IF(#REF!="","",#REF!) -> #REF! | L77: =IF('глубина-день'!#ref!="","",'глубина-день'!#ref!) -> #VALUE!
A78: =IF(#REF!="","",#REF!) -> #REF! | B78: =IF(#REF!="","",#REF!) -> #REF! | C78: =IF(#REF!="","",#REF!) -> #REF! | D78: =IF(#REF!="","",#REF!) -> #REF! | E78: =IF(#REF!="","",#REF!) -> #REF! | F78: =IF(#REF!="","",#REF!) -> #REF! | G78: =IF('глубина-день'!#ref!="","",'глубина-день'!#ref!) -> #VALUE! | H78: =IF(#REF!="","",#REF!) -> #REF! | I78: =IF(#REF!="","",#REF!) -> #REF! | J78: =IF(#REF!="","",#REF!) -> #REF! | K78: =IF(#REF!="","",#REF!) -> #REF! | L78: =IF('глубина-день'!#ref!="","",'глубина-день'!#ref!) -> #VALUE!
A79: =IF(#REF!="","",#REF!) -> #REF! | B79: =IF(#REF!="","",#REF!) -> #REF! | C79: =IF(#REF!="","",#REF!) -> #REF! | D79: =IF(#REF!="","",#REF!) -> #REF! | E79: =IF(#REF!="","",#REF!) -> #REF! | F79: =IF(#REF!="","",#REF!) -> #REF! | G79: =IF('глубина-день'!#ref!="","",'глубина-день'!#ref!) -> #VALUE! | H79: =IF(#REF!="","",#REF!) -> #REF! | I79: =IF(#REF!="","",#REF!) -> #REF! | J79: =IF(#REF!="","",#REF!) -> #REF! | K79: =IF(#REF!="","",#REF!) -> #REF! | L79: =IF('глубина-день'!#ref!="","",'глубина-день'!#ref!) -> #VALUE!
A80: =IF(#REF!="","",#REF!) -> #REF! | B80: =IF(#REF!="","",#REF!) -> #REF! | C80: =IF(#REF!="","",#REF!) -> #REF! | D80: =IF(#REF!="","",#REF!) -> #REF! | E80: =IF(#REF!="","",#REF!) -> #REF! | F80: =IF(#REF!="","",#REF!) -> #REF! | G80: =IF('глубина-день'!#ref!="","",'глубина-день'!#ref!) -> #VALUE! | H80: =IF(#REF!="","",#REF!) -> #REF! | I80: =IF(#REF!="","",#REF!) -> #REF! | J80: =IF(#REF!="","",#REF!) -> #REF! | K80: =IF(#REF!="","",#REF!) -> #REF! | L80: =IF('глубина-день'!#ref!="","",'глубина-день'!#ref!) -> #VALUE!
A81: =IF(#REF!="","",#REF!) -> #REF! | B81: =IF(#REF!="","",#REF!) -> #REF! | C81: =IF(#REF!="","",#REF!) -> #REF! | D81: =IF(#REF!="","",#REF!) -> #REF! | E81: =IF(#REF!="","",#REF!) -> #REF! | F81: =IF(#REF!="","",#REF!) -> #REF! | G81: =IF('глубина-день'!#ref!="","",'глубина-день'!#ref!) -> #VALUE! | H81: =IF(#REF!="","",#REF!) -> #REF! | I81: =IF(#REF!="","",#REF!) -> #REF! | J81: =IF(#REF!="","",#REF!) -> #REF! | K81: =IF(#REF!="","",#REF!) -> #REF! | L81: =IF('глубина-день'!#ref!="","",'глубина-день'!#ref!) -> #VALUE!
A82: =IF(#REF!="","",#REF!) -> #REF! | B82: =IF(#REF!="","",#REF!) -> #REF! | C82: =IF(#REF!="","",#REF!) -> #REF! | D82: =IF(#REF!="","",#REF!) -> #REF! | E82: =IF(#REF!="","",#REF!) -> #REF! | F82: =IF(#REF!="","",#REF!) -> #REF! | G82: =IF('глубина-день'!#ref!="","",'глубина-день'!#ref!) -> #VALUE! | H82: =IF(#REF!="","",#REF!) -> #REF! | I82: =IF(#REF!="","",#REF!) -> #REF! | J82: =IF(#REF!="","",#REF!) -> #REF! | K82: =IF(#REF!="","",#REF!) -> #REF! | L82: =IF('глубина-день'!#ref!="","",'глубина-день'!#ref!) -> #VALUE!
A83: =IF(#REF!="","",#REF!) -> #REF! | B83: =IF(#REF!="","",#REF!) -> #REF! | C83: =IF(#REF!="","",#REF!) -> #REF! | D83: =IF(#REF!="","",#REF!) -> #REF! | E83: =IF(#REF!="","",#REF!) -> #REF! | F83: =IF(#REF!="","",#REF!) -> #REF! | G83: =IF('глубина-день'!#ref!="","",'глубина-день'!#ref!) -> #VALUE! | H83: =IF(#REF!="","",#REF!) -> #REF! | I83: =IF(#REF!="","",#REF!) -> #REF! | J83: =IF(#REF!="","",#REF!) -> #REF! | K83: =IF(#REF!="","",#REF!) -> #REF! | L83: =IF('глубина-день'!#ref!="","",'глубина-день'!#ref!) -> #VALUE!
A84: =IF(#REF!="","",#REF!) -> #REF! | B84: =IF(#REF!="","",#REF!) -> #REF! | C84: =IF(#REF!="","",#REF!) -> #REF! | D84: =IF(#REF!="","",#REF!) -> #REF! | E84: =IF(#REF!="","",#REF!) -> #REF! | F84: =IF(#REF!="","",#REF!) -> #REF! | G84: =IF('глубина-день'!#ref!="","",'глубина-день'!#ref!) -> #VALUE! | H84: =IF(#REF!="","",#REF!) -> #REF! | I84: =IF(#REF!="","",#REF!) -> #REF! | J84: =IF(#REF!="","",#REF!) -> #REF! | K84: =IF(#REF!="","",#REF!) -> #REF! | L84: =IF('глубина-день'!#ref!="","",'глубина-день'!#ref!) -> #VALUE!
A85: =IF(#REF!="","",#REF!) -> #REF! | B85: =IF(#REF!="","",#REF!) -> #REF! | C85: =IF(#REF!="","",#REF!) -> #REF! | D85: =IF(#REF!="","",#REF!) -> #REF! | E85: =IF(#REF!="","",#REF!) -> #REF! | F85: =IF(#REF!="","",#REF!) -> #REF! | G85: =IF('глубина-день'!#ref!="","",'глубина-день'!#ref!) -> #VALUE! | H85: =IF(#REF!="","",#REF!) -> #REF! | I85: =IF(#REF!="","",#REF!) -> #REF! | J85: =IF(#REF!="","",#REF!) -> #REF! | K85: =IF(#REF!="","",#REF!) -> #REF! | L85: =IF('глубина-день'!#ref!="","",'глубина-день'!#ref!) -> #VALUE!
A86: =IF('глубина-день'!#ref!="","",'глубина-день'!#ref!) -> #VALUE! | B86: =IF('глубина-день'!#ref!="","",'глубина-день'!#ref!) -> #VALUE! | C86: =IF('глубина-день'!#ref!="","",'глубина-день'!#ref!) -> #VALUE! | D86: =IF('глубина-день'!#ref!="","",'глубина-день'!#ref!) -> #VALUE! | E86: =IF('глубина-день'!#ref!="","",'глубина-день'!#ref!) -> #VALUE! | F86: =IF('глубина-день'!#ref!="","",'глубина-день'!#ref!) -> #VALUE! | G86: =IF('глубина-день'!#ref!="","",'глубина-день'!#ref!) -> #VALUE! | H86: =IF('глубина-день'!#ref!="","",'глубина-день'!#ref!) -> #VALUE! | ... L86: =IF('глубина-день'!#ref!="","",'глубина-день'!#ref!) -> #VALUE!
A87: =IF('Глубина-день'!A84="","",'Глубина-день'!A84) | B87: =IF('Глубина-день'!B84="","",'Глубина-день'!B84) | C87: =IF('Глубина-день'!C84="","",'Глубина-день'!C84) -> Итого, сут.: | D87: =IF('Глубина-день'!E84="","",'Глубина-день'!E84) | E87: =IF('Глубина-день'!F84="","",'Глубина-день'!F84) | F87: =IF('Глубина-день'!G84="","",'Глубина-день'!G84) | G87: =IF('глубина-день'!#ref!="","",'глубина-день'!#ref!) -> #VALUE! | H87: =IF('Глубина-день'!H84="","",'Глубина-день'!H84) | I87: =IF('Глубина-день'!I84="","",'Глубина-день'!I84) -> 28.153125 | J87: =IF('Глубина-день'!J84="","",'Глубина-день'!J84) | K87: =IF('Глубина-день'!R84="","",'Глубина-день'!R84) -> 28.153125 | L87: =IF('глубина-день'!#ref!="","",'глубина-день'!#ref!) -> #VALUE!

Sheet Графики
Y4: Забой | Z4: ='Глубина-день'!I18 -> Время | AB4: Забой | AC4: Факт/прогноз | AE4: План для Бонуса
Z5: Время | AA5: Суммарное | AC5: Время | AD5: Суммарное | AE5: Время | AF5: Суммарное
X6: ='Глубина-день'!A20 -> 1 | Z6: ='Глубина-день'!I20 -> 0.5 | AA6: =Z6/24 -> 0.020833333 | AB6: =IF('Глубина-день'!K21="",'Глубина-день'!K20,'Глубина-день'!K20) -> 0 | AC6: =IF('Глубина-день'!L20="",'Глубина-день'!I20,'Глубина-день'!L20) -> 0.25 | AD6: =AC6/24 -> 0.010416667 | AE6: ='Глубина-день'!R20 -> 0.5 | AF6: =AE6/24 -> 0.020833333
X7: ='Глубина-день'!A21 -> 2 | Y7: ='Глубина-день'!H21 -> 80 | Z7: ='Глубина-день'!I21 -> 2 | AA7: =Z7/24+AA6 -> 0.10416667 | AB7: =IF('Глубина-день'!K22="",'Глубина-день'!K21,'Глубина-день'!K21) -> 80 | AC7: =IF('Глубина-день'!L21="",'Глубина-день'!I21,'Глубина-день'!L21) -> 1 | AD7: =AC7/24+AD6 -> 0.052083333 | AE7: ='Глубина-день'!R21 -> 2 | AF7: =AE7/24+AF6 -> 0.10416667
X8: ='Глубина-день'!A22 -> 3 | Y8: ='Глубина-день'!H22 -> 80 | Z8: ='Глубина-день'!I22 -> 1 | AA8: =Z8/24+AA7 -> 0.14583333 | AB8: =IF('Глубина-день'!K23="",'Глубина-день'!K22,'Глубина-день'!K22) -> 80 | AC8: =IF('Глубина-день'!L22="",'Глубина-день'!I22,'Глубина-день'!L22) -> 0.5 | AD8: =AC8/24+AD7 -> 0.072916667 | AE8: ='Глубина-день'!R22 -> 1 | AF8: =AE8/24+AF7 -> 0.14583333
X9: ='Глубина-день'!A23 -> 4 | Y9: ='Глубина-день'!H23 -> 80 | Z9: ='Глубина-день'!I23 -> 0.5 | AA9: =Z9/24+AA8 -> 0.16666667 | AB9: =IF('Глубина-день'!K24="",'Глубина-день'!K23,'Глубина-день'!K23) -> 80 | AC9: =IF('Глубина-день'!L23="",'Глубина-день'!I23,'Глубина-день'!L23) -> 0.5 | AD9: =AC9/24+AD8 -> 0.09375 | AE9: ='Глубина-день'!R23 -> 0.5 | AF9: =AE9/24+AF8 -> 0.16666667
X10: ='Глубина-день'!A24 -> 5 | Y10: ='Глубина-день'!H24 -> 80 | Z10: ='Глубина-день'!I24 -> 0.5 | AA10: =Z10/24+AA9 -> 0.1875 | AB10: =IF('Глубина-день'!K25="",'Глубина-день'!K24,'Глубина-день'!K24) -> 80 | AC10: =IF('Глубина-день'!L24="",'Глубина-день'!I24,'Глубина-день'!L24) -> 0.25 | AD10: =AC10/24+AD9 -> 0.10416667 | AE10: ='Глубина-день'!R24 -> 0.5 | AF10: =AE10/24+AF9 -> 0.1875
X11: ='Глубина-день'!A25 -> 6 | Y11: ='Глубина-день'!H25 -> 80 | Z11: ='Глубина-день'!I25 -> 2 | AA11: =Z11/24+AA10 -> 0.27083333 | AB11: =IF('Глубина-день'!K26="",'Глубина-день'!K25,'Глубина-день'!K25) -> 80 | AC11: =IF('Глубина-день'!L25="",'Глубина-день'!I25,'Глубина-день'!L25) -> 1.25 | AD11: =AC11/24+AD10 -> 0.15625 | AE11: ='Глубина-день'!R25 -> 2 | AF11: =AE11/24+AF10 -> 0.27083333
X12: ='Глубина-день'!A26 -> 7 | Y12: ='Глубина-день'!H26 -> 80 | Z12: ='Глубина-день'!I26 -> 0.5 | AA12: =Z12/24+AA11 -> 0.29166667 | AB12: =IF('Глубина-день'!K27="",'Глубина-день'!K26,'Глубина-день'!K26) -> 80 | AC12: =IF('Глубина-день'!L26="",'Глубина-день'!I26,'Глубина-день'!L26) -> 0.25 | AD12: =AC12/24+AD11 -> 0.16666667 | AE12: ='Глубина-день'!R26 -> 0.5 | AF12: =AE12/24+AF11 -> 0.29166667
X13: ='Глубина-день'!A27 -> 8 | Y13: ='Глубина-день'!H27 -> 80 | Z13: ='Глубина-день'!I27 -> 1.5 | AA13: =Z13/24+AA12 -> 0.35416667 | AB13: =IF('Глубина-день'!K28="",'Глубина-день'!K27,'Глубина-день'!K27) -> 80 | AC13: =IF('Глубина-день'!L27="",'Глубина-день'!I27,'Глубина-день'!L27) -> 1 | AD13: =AC13/24+AD12 -> 0.20833333 | AE13: ='Глубина-день'!R27 -> 1.5 | AF13: =AE13/24+AF12 -> 0.35416667
X14: ='Глубина-день'!A28 -> 9 | Y14: ='Глубина-день'!H28 -> 80 | Z14: ='Глубина-день'!I28 -> 8 | AA14: =Z14/24+AA13 -> 0.6875 | AB14: =IF('Глубина-день'!K29="",'Глубина-день'!K28,'Глубина-день'!K28) -> 80 | AC14: =IF('Глубина-день'!L28="",'Глубина-день'!I28,'Глубина-день'!L28) -> 5 | AD14: =AC14/24+AD13 -> 0.41666667 | AE14: ='Глубина-день'!R28 -> 8 | AF14: =AE14/24+AF13 -> 0.6875
X15: ='Глубина-день'!A29 -> 10 | Y15: ='Глубина-день'!H29 -> 80 | Z15: ='Глубина-день'!I29 -> 7.5 | AA15: =Z15/24+AA14 -> 1 | AB15: =IF('Глубина-день'!K30="",'Глубина-день'!K29,'Глубина-день'!K29) -> 80 | AC15: =IF('Глубина-день'!L29="",'Глубина-день'!I29,'Глубина-день'!L29) -> 2 | AD15: =AC15/24+AD14 -> 0.5 | AE15: ='Глубина-день'!R29 -> 7.5 | AF15: =AE15/24+AF14 -> 1
X16: ='Глубина-день'!A30 -> 11 | Y16: ='Глубина-день'!H30 -> 80 | Z16: ='Глубина-день'!I30 -> 3 | AA16: =Z16/24+AA15 -> 1.125 | AB16: =IF('Глубина-день'!K31="",'Глубина-день'!K30,'Глубина-день'!K30) -> 80 | AC16: =IF('Глубина-день'!L30="",'Глубина-день'!I30,'Глубина-день'!L30) -> 2 | AD16: =AC16/24+AD15 -> 0.58333333 | AE16: ='Глубина-день'!R30 -> 3 | AF16: =AE16/24+AF15 -> 1.125
X17: ='Глубина-день'!A31 -> 12 | Y17: ='Глубина-день'!H31 -> 80 | Z17: ='Глубина-день'!I31 -> 2 | AA17: =Z17/24+AA16 -> 1.2083333 | AB17: =IF('Глубина-день'!K32="",'Глубина-день'!K31,'Глубина-день'!K31) -> 80 | AC17: =IF('Глубина-день'!L31="",'Глубина-день'!I31,'Глубина-день'!L31) -> 0.75 | AD17: =AC17/24+AD16 -> 0.61458333 | AE17: ='Глубина-день'!R31 -> 2 | AF17: =AE17/24+AF16 -> 1.2083333
X18: ='Глубина-день'!A32 -> 13 | Y18: ='Глубина-день'!H32 -> 82 | Z18: ='Глубина-день'!I32 -> 2 | AA18: =Z18/24+AA17 -> 1.2916667 | AB18: =IF('Глубина-день'!K33="",'Глубина-день'!K32,'Глубина-день'!K32) -> 80 | AC18: =IF('Глубина-день'!L32="",'Глубина-день'!I32,'Глубина-день'!L32) -> 0.25 | AD18: =AC18/24+AD17 -> 0.625 | AE18: ='Глубина-день'!R32 -> 2 | AF18: =AE18/24+AF17 -> 1.2916667
... X38: ='Глубина-день'!A52 -> 33 | Y38: ='Глубина-день'!H52 -> 2543.15 | Z38: ='Глубина-день'!I52 -> 6 | AA38: =Z38/24+AA37 -> 9.2708333 | AB38: =IF('Глубина-день'!K53="",'Глубина-день'!K52,'Глубина-день'!K52) -> 2543 | AC38: =IF('Глубина-день'!L52="",'Глубина-день'!I52,'Глубина-день'!L52) -> 2 | AD38: =AC38/24+AD37 -> 5.8958333 | AE38: ='Глубина-день'!R52 -> 6 | AF38: =AE38/24+AF37 -> 9.2708333
B39: ='Глубина-день'!K7 -> План | D39: ='Глубина-день'!N7 -> 28.153125 | F39: ='Глубина-день'!K10 -> Скорость бурения, сут/1000м | G39: ='Глубина-день'!L10 -> План | I39: ='Глубина-день'!N10 -> 6.0414431 | X39: ='Глубина-день'!A53 -> 34 | Y39: ='Глубина-день'!H53 -> 2543.15 | Z39: ='Глубина-день'!I53 -> 2.5 | AA39: =Z39/24+AA38 -> 9.375 | AB39: =IF('Глубина-день'!K54="",'Глубина-день'!K53,'Глубина-день'!K53) -> 2543 | AC39: =IF('Глубина-день'!L53="",'Глубина-день'!I53,'Глубина-день'!L53) -> 2 | AD39: =AC39/24+AD38 -> 5.9791667 | AE39: ='Глубина-день'!R53 -> 2.5 | AF39: =AE39/24+AF38 -> 9.375
B40: ='Глубина-день'!K8 -> Факт/прогноз, сут | D40: ='Глубина-день'!N8 -> 17.5625 | G40: ='Глубина-день'!L11 -> Факт+Прогноз | I40: ='Глубина-день'!N11 -> 3.7687768 | X40: ='Глубина-день'!A54 -> 35 | Y40: ='Глубина-день'!H54 -> 2543.15 | Z40: ='Глубина-день'!I54 -> 14 | AA40: =Z40/24+AA39 -> 9.9583333 | AB40: =IF('Глубина-день'!K55="",'Глубина-день'!K54,'Глубина-день'!K54) -> 2543 | AC40: =IF('Глубина-день'!L54="",'Глубина-день'!I54,'Глубина-день'!L54) -> 2 | AD40: =AC40/24+AD39 -> 6.0625 | AE40: ='Глубина-день'!R54 -> 14 | AF40: =AE40/24+AF39 -> 9.9583333
B41: ='Глубина-день'!K9 -> План для бонуса | D41: ='Глубина-день'!N9 -> 28.153125 | G41: ='Глубина-день'!L12 -> План для бонуса | I41: ='Глубина-день'!N12 -> 6.0414431 | X41: ='Глубина-день'!A55 -> 36 | Y41: ='Глубина-день'!H55 -> 2543.15 | Z41: ='Глубина-день'!I55 -> 54 | AA41: =Z41/24+AA40 -> 12.208333 | AB41: =IF('Глубина-день'!K56="",'Глубина-день'!K55,'Глубина-день'!K55) -> 2543 | AC41: =IF('Глубина-день'!L55="",'Глубина-день'!I55,'Глубина-день'!L55) -> 36.75 | AD41: =AC41/24+AD40 -> 7.59375 | AE41: ='Глубина-день'!R55 -> 54 | AF41: =AE41/24+AF40 -> 12.208333
X42: ='Глубина-день'!A56 -> 37 | Y42: ='Глубина-день'!H56 -> 2543.15 | Z42: ='Глубина-день'!I56 -> 5 | AA42: =Z42/24+AA41 -> 12.416667 | AB42: =IF('Глубина-день'!K57="",'Глубина-день'!K56,'Глубина-день'!K56) -> 2543 | AC42: =IF('Глубина-день'!L56="",'Глубина-день'!I56,'Глубина-день'!L56) -> 4 | AD42: =AC42/24+AD41 -> 7.7604167 | AE42: ='Глубина-день'!R56 -> 5 | AF42: =AE42/24+AF41 -> 12.416667
X43: ='Глубина-день'!A57 -> 38 | Y43: ='Глубина-день'!H57 -> 2543.15 | Z43: ='Глубина-день'!I57 -> 16 | AA43: =Z43/24+AA42 -> 13.083333 | AB43: =IF('Глубина-день'!K58="",'Глубина-день'!K57,'Глубина-день'!K57) -> 2543 | AC43: =IF('Глубина-день'!L57="",'Глубина-день'!I57,'Глубина-день'!L57) -> 5 | AD43: =AC43/24+AD42 -> 7.96875 | AE43: ='Глубина-день'!R57 -> 16 | AF43: =AE43/24+AF42 -> 13.083333
X44: ='Глубина-день'!A58 -> 39 | Y44: ='Глубина-день'!H58 -> 2543.15 | Z44: ='Глубина-день'!I58 -> 2 | AA44: =Z44/24+AA43 -> 13.166667 | AB44: =IF('Глубина-день'!K59="",'Глубина-день'!K58,'Глубина-день'!K58) -> 2543 | AC44: =IF('Глубина-день'!L58="",'Глубина-день'!I58,'Глубина-день'!L58) -> 0 | AD44: =AC44/24+AD43 -> 7.96875 | AE44: ='Глубина-день'!R58 -> 2 | AF44: =AE44/24+AF43 -> 13.166667
X45: ='Глубина-день'!A59 -> 40 | Y45: ='Глубина-день'!H59 -> 2543.15 | Z45: ='Глубина-день'!I59 -> 3 | AA45: =Z45/24+AA44 -> 13.291667 | AB45: =IF('Глубина-день'!K60="",'Глубина-день'!K59,'Глубина-день'!K59) -> 2543 | AC45: =IF('Глубина-день'!L59="",'Глубина-день'!I59,'Глубина-день'!L59) -> 3 | AD45: =AC45/24+AD44 -> 8.09375 | AE45: ='Глубина-день'!R59 -> 3 | AF45: =AE45/24+AF44 -> 13.291667
X46: ='Глубина-день'!A60 -> 41 | Y46: ='Глубина-день'!H60 -> 2543.15 | Z46: ='Глубина-день'!I60 -> 2 | AA46: =Z46/24+AA45 -> 13.375 | AB46: =IF('Глубина-день'!K61="",'Глубина-день'!K60,'Глубина-день'!K60) -> 2543 | AC46: =IF('Глубина-день'!L60="",'Глубина-день'!I60,'Глубина-день'!L60) -> 2 | AD46: =AC46/24+AD45 -> 8.1770833 | AE46: ='Глубина-день'!R60 -> 2 | AF46: =AE46/24+AF45 -> 13.375
X47: ='Глубина-день'!A61 -> 42 | Y47: ='Глубина-день'!H61 -> 2543.15 | Z47: ='Глубина-день'!I61 -> 1 | AA47: =Z47/24+AA46 -> 13.416667 | AB47: =IF('Глубина-день'!K62="",'Глубина-день'!K61,'Глубина-день'!K61) -> 2543 | AC47: =IF('Глубина-день'!L61="",'Глубина-день'!I61,'Глубина-день'!L61) -> 1 | AD47: =AC47/24+AD46 -> 8.21875 | AE47: ='Глубина-день'!R61 -> 1 | AF47: =AE47/24+AF46 -> 13.416667
X48: ='Глубина-день'!A62 -> 43 | Y48: ='Глубина-день'!H62 -> 3110 | Z48: ='Глубина-день'!I62 -> 46 | AA48: =Z48/24+AA47 -> 15.333333 | AB48: =IF('Глубина-день'!K63="",'Глубина-день'!K62,'Глубина-день'!K62) -> 3107 | AC48: =IF('Глубина-день'!L62="",'Глубина-день'!I62,'Глубина-день'!L62) -> 34.5 | AD48: =AC48/24+AD47 -> 9.65625 | AE48: ='Глубина-день'!R62 -> 46 | AF48: =AE48/24+AF47 -> 15.333333
X49: ='Глубина-день'!A63 -> 44 | Y49: ='Глубина-день'!H63 -> 3110 | Z49: ='Глубина-день'!I63 -> 2 | AA49: =Z49/24+AA48 -> 15.416667 | AB49: =IF('Глубина-день'!K64="",'Глубина-день'!K63,'Глубина-день'!K63) -> 3107 | AC49: =IF('Глубина-день'!L63="",'Глубина-день'!I63,'Глубина-день'!L63) -> 0.75 | AD49: =AC49/24+AD48 -> 9.6875 | AE49: ='Глубина-день'!R63 -> 2 | AF49: =AE49/24+AF48 -> 15.416667
X50: ='Глубина-день'!A64 -> 45 | Y50: ='Глубина-день'!H64 -> 3110 | Z50: ='Глубина-день'!I64 -> 1 | AA50: =Z50/24+AA49 -> 15.458333 | AB50: =IF('Глубина-день'!K65="",'Глубина-день'!K64,'Глубина-день'!K64) -> 3107 | AC50: =IF('Глубина-день'!L64="",'Глубина-день'!I64,'Глубина-день'!L64) -> 0.5 | AD50: =AC50/24+AD49 -> 9.7083333 | AE50: ='Глубина-день'!R64 -> 1 | AF50: =AE50/24+AF49 -> 15.458333
X51: ='Глубина-день'!A65 -> 46 | Y51: ='Глубина-день'!H65 -> 4660 | Z51: ='Глубина-день'!I65 -> 130 | AA51: =Z51/24+AA50 -> 20.875 | AB51: =IF('Глубина-день'!K66="",'Глубина-день'!K65,'Глубина-день'!K65) -> 3501 | AC51: =IF('Глубина-день'!L65="",'Глубина-день'!I65,'Глубина-день'!L65) -> 46 | AD51: =AC51/24+AD50 -> 11.625 | AE51: ='Глубина-день'!R65 -> 130 | AF51: =AE51/24+AF50 -> 20.875
X52: ='Глубина-день'!A66 -> 47 | Y52: ='Глубина-день'!H66 -> 4660 | Z52: ='Глубина-день'!I66 -> 3 | AA52: =Z52/24+AA51 -> 21 | AB52: =IF('Глубина-день'!K67="",'Глубина-день'!K66,'Глубина-день'!K66) -> 0 | AC52: =IF('Глубина-день'!L66="",'Глубина-день'!I66,'Глубина-день'!L66) -> 3 | AD52: =AC52/24+AD51 -> 11.75 | AE52: ='Глубина-день'!R66 -> 3 | AF52: =AE52/24+AF51 -> 21
X53: ='Глубина-день'!A67 -> 48 | Y53: ='Глубина-день'!H67 -> 4660 | Z53: ='Глубина-день'!I67 -> 7 | AA53: =Z53/24+AA52 -> 21.291667 | AB53: =IF('Глубина-день'!K68="",'Глубина-день'!K67,'Глубина-день'!K67) -> 0 | AC53: =IF('Глубина-день'!L67="",'Глубина-день'!I67,'Глубина-день'!L67) -> 7 | AD53: =AC53/24+AD52 -> 12.041667 | AE53: ='Глубина-день'!R67 -> 7 | AF53: =AE53/24+AF52 -> 21.291667
... X68: ='Глубина-день'!A82 -> 63 | Y68: ='Глубина-день'!H82 -> 4660 | Z68: ='Глубина-день'!I82 -> 3 | AA68: =Z68/24+AA67 -> 26.8125 | AB68: =IF('Глубина-день'!K83="",'Глубина-день'!K82,'Глубина-день'!K82) -> 0 | AC68: =IF('Глубина-день'!L82="",'Глубина-день'!I82,'Глубина-день'!L82) -> 3 | AD68: =AC68/24+AD67 -> 17.5625 | AE68: ='Глубина-день'!R82 -> 3 | AF68: =AE68/24+AF67 -> 26.8125

Sheet реестр НПВ
A1: № НПВ | B1: Год | C1: Месяц | D1: Дата начала НПВ | E1: Дата окончания НПВ | F1: № скв | G1: № куста | H1: М-е | I1: Вид НПВ | J1: Классификация | K1: Расшифровка НПВ | L1: Виновная сторона | M1: НПВ, Простой, час
A3: 1 | B3: 2024 | C3: август | D3: 06.08.2024 15:00 06.08.2024 16:00 | E3: 06.08.2024 15:30 06.08.2024 16:00 | F3: 43820ГС | G3: 134В.1 | H3: Южно-Приобское | I3: Потеря сигнала Т/С | J3: Простои | K3: Не запланированное СПО в связи с отсутствием сигнала Т/С. | L3: ООО "НПП "Буринтех"
A4: 2
A5: 3
A6: 4
A7: 5
A8: 6
A9: 7
A10: 8
A11: 9
A12: 10
A13: 11
A14: 12
A15: 13
... A46: 44
L47: Общее НПВ по скв | M47: =SUM(M3:M43) -> 0
K49: Распределение НПВ по типам
K50: распределение НПВ по типам | L50: Аварии | M50: =SUMIFS($M$3:$M$46,$J$3:$J$46,L50) -> 0
L51: Осложнения | M51: =SUMIFS($M$3:$M$46,$J$3:$J$46,L51) -> 0
L52: Геологические осложнения | M52: =SUMIFS($M$3:$M$46,$J$3:$J$46,L52) -> 0
L53: Ликв.брака | M53: =SUMIFS($M$3:$M$46,$J$3:$J$46,L53) -> 0
L54: Простои | M54: =SUMIFS($M$3:$M$46,$J$3:$J$46,L54) -> 0
L55: Простои метео | M55: =SUMIFS($M$3:$M$46,$J$3:$J$46,L55) -> 0
L56: Ремонт ББ | M56: =SUMIFS($M$3:$M$46,$J$3:$J$46,L56) -> 0
L57: НПВ 1 | M57: =SUMIFS($M$3:$M$46,$J$3:$J$46,L57) -> 0
L58: НПВ 2 | M58: =SUMIFS($M$3:$M$46,$J$3:$J$46,L58) -> 0
L59: итого | M59: =SUM(M50:M58) -> 0
K61: Распределение НПВ по ПО
K62: распределение НПВ по ПО (можно менять нименования) | L62: ООО "НТ-Сервис" | M62: =SUMIFS($M$3:$M$46,$L$3:$L$46,L62) -> 0
L63: НФ ООО "БКЕ" | M63: =SUMIFS($M$3:$M$46,$L$3:$L$46,L63) -> 0
L64: ООО "НПП "Буринтех" | M64: =SUMIFS($M$3:$M$46,$L$3:$L$46,L64) -> 0
L65: ООО "Траектория-сервис" | M65: =SUMIFS($M$3:$M$46,$L$3:$L$46,L65) -> 0
L66: АО "НПП "Бурсервис" | M66: =SUMIFS($M$3:$M$46,$L$3:$L$46,L66) -> 0
L67: ООО "Бренд Фактор" | M67: =SUMIFS($M$3:$M$46,$L$3:$L$46,L67) -> 0
L68: ООО "НОРД-СЕРВИС" | M68: =SUMIFS($M$3:$M$46,$L$3:$L$46,L68) -> 0
L69: ООО "Зенит-Сервис" | M69: =SUMIFS($M$3:$M$46,$L$3:$L$46,L69) -> 0
L70: ПО 1 | M70: =SUMIFS($M$3:$M$46,$L$3:$L$46,L70) -> 0
L71: ПО 2 | M71: =SUMIFS($M$3:$M$46,$L$3:$L$46,L71) -> 0
L72: ПО 3 | M72: =SUMIFS($M$3:$M$46,$L$3:$L$46,L72) -> 0
L73: ПО 4 | M73: =SUMIFS($M$3:$M$46,$L$3:$L$46,L73) -> 0
L74: ГПНХ | M74: =SUMIFS($M$3:$M$46,$L$3:$L$46,L74) -> 0
L75: итого | M75: =SUM(M62:M74) -> 0
